run_id,entry_pc,step,pc,access_type,space,addr,value,role_candidate,nearby_code_context,evidence_level,confidence,notes
boot_4000_20260428T082556Z,0x4000,0,0x4000,write,sfr,0x0081,0x07,cpu_internal_sfr,register_state_update,emulation_observed,high,internal_8051_sfr_not_display_evidence
boot_4000_20260428T082556Z,0x4000,0,0x4000,write,sfr,0x00D0,0x00,cpu_internal_sfr,register_state_update,emulation_observed,high,internal_8051_sfr_not_display_evidence
boot_4000_20260428T082556Z,0x4000,10,0x410E,write,sfr,0x0083,0x00,cpu_internal_sfr,register_state_update,emulation_observed,high,internal_8051_sfr_not_display_evidence
boot_4000_20260428T082556Z,0x4000,11,0x4110,write,sfr,0x0082,0x00,cpu_internal_sfr,register_state_update,emulation_observed,high,internal_8051_sfr_not_display_evidence
boot_4000_20260428T082556Z,0x4000,13,0x4113,write,sfr,0x00D0,0x80,cpu_internal_sfr,register_state_update,emulation_observed,high,internal_8051_sfr_not_display_evidence
boot_4000_20260428T082556Z,0x4000,14,0x4119,write,sfr,0x00D0,0x80,cpu_internal_sfr,register_state_update,emulation_observed,high,internal_8051_sfr_not_display_evidence
boot_4000_20260428T082556Z,0x4000,17,0x4155,write,sfr,0x0082,0x08,cpu_internal_sfr,register_state_update,emulation_observed,high,internal_8051_sfr_not_display_evidence
boot_4000_20260428T082556Z,0x4000,19,0x4159,write,sfr,0x00D0,0x00,cpu_internal_sfr,register_state_update,emulation_observed,high,internal_8051_sfr_not_display_evidence
boot_4000_20260428T082556Z,0x4000,20,0x415B,write,sfr,0x0083,0x01,cpu_internal_sfr,register_state_update,emulation_observed,high,internal_8051_sfr_not_display_evidence
boot_4000_20260428T082556Z,0x4000,23,0x4113,write,sfr,0x00D0,0x80,cpu_internal_sfr,register_state_update,emulation_observed,high,internal_8051_sfr_not_display_evidence
boot_4000_20260428T082556Z,0x4000,24,0x4119,write,sfr,0x00D0,0x80,cpu_internal_sfr,register_state_update,emulation_observed,high,internal_8051_sfr_not_display_evidence
boot_4000_20260428T082556Z,0x4000,27,0x4155,write,sfr,0x0082,0x10,cpu_internal_sfr,register_state_update,emulation_observed,high,internal_8051_sfr_not_display_evidence
boot_4000_20260428T082556Z,0x4000,29,0x4159,write,sfr,0x00D0,0x00,cpu_internal_sfr,register_state_update,emulation_observed,high,internal_8051_sfr_not_display_evidence
boot_4000_20260428T082556Z,0x4000,30,0x415B,write,sfr,0x0083,0x02,cpu_internal_sfr,register_state_update,emulation_observed,high,internal_8051_sfr_not_display_evidence
boot_4000_20260428T082556Z,0x4000,33,0x4113,write,sfr,0x00D0,0x80,cpu_internal_sfr,register_state_update,emulation_observed,high,internal_8051_sfr_not_display_evidence
boot_4000_20260428T082556Z,0x4000,34,0x4119,write,sfr,0x00D0,0x80,cpu_internal_sfr,register_state_update,emulation_observed,high,internal_8051_sfr_not_display_evidence
boot_4000_20260428T082556Z,0x4000,37,0x4155,write,sfr,0x0082,0x18,cpu_internal_sfr,register_state_update,emulation_observed,high,internal_8051_sfr_not_display_evidence
boot_4000_20260428T082556Z,0x4000,39,0x4159,write,sfr,0x00D0,0x00,cpu_internal_sfr,register_state_update,emulation_observed,high,internal_8051_sfr_not_display_evidence
boot_4000_20260428T082556Z,0x4000,40,0x415B,write,sfr,0x0083,0x03,cpu_internal_sfr,register_state_update,emulation_observed,high,internal_8051_sfr_not_display_evidence
boot_4000_20260428T082556Z,0x4000,43,0x4113,write,sfr,0x00D0,0x80,cpu_internal_sfr,register_state_update,emulation_observed,high,internal_8051_sfr_not_display_evidence
boot_4000_20260428T082556Z,0x4000,44,0x4119,write,sfr,0x00D0,0x80,cpu_internal_sfr,register_state_update,emulation_observed,high,internal_8051_sfr_not_display_evidence
boot_4000_20260428T082556Z,0x4000,47,0x4155,write,sfr,0x0082,0x20,cpu_internal_sfr,register_state_update,emulation_observed,high,internal_8051_sfr_not_display_evidence
boot_4000_20260428T082556Z,0x4000,49,0x4159,write,sfr,0x00D0,0x00,cpu_internal_sfr,register_state_update,emulation_observed,high,internal_8051_sfr_not_display_evidence
boot_4000_20260428T082556Z,0x4000,50,0x415B,write,sfr,0x0083,0x04,cpu_internal_sfr,register_state_update,emulation_observed,high,internal_8051_sfr_not_display_evidence
boot_4000_20260428T082556Z,0x4000,53,0x4113,write,sfr,0x00D0,0x80,cpu_internal_sfr,register_state_update,emulation_observed,high,internal_8051_sfr_not_display_evidence
boot_4000_20260428T082556Z,0x4000,54,0x4119,write,sfr,0x00D0,0x80,cpu_internal_sfr,register_state_update,emulation_observed,high,internal_8051_sfr_not_display_evidence
boot_4000_20260428T082556Z,0x4000,57,0x4155,write,sfr,0x0082,0x28,cpu_internal_sfr,register_state_update,emulation_observed,high,internal_8051_sfr_not_display_evidence
boot_4000_20260428T082556Z,0x4000,59,0x4159,write,sfr,0x00D0,0x00,cpu_internal_sfr,register_state_update,emulation_observed,high,internal_8051_sfr_not_display_evidence
boot_4000_20260428T082556Z,0x4000,60,0x415B,write,sfr,0x0083,0x05,cpu_internal_sfr,register_state_update,emulation_observed,high,internal_8051_sfr_not_display_evidence
boot_4000_20260428T082556Z,0x4000,63,0x4113,write,sfr,0x00D0,0x80,cpu_internal_sfr,register_state_update,emulation_observed,high,internal_8051_sfr_not_display_evidence
boot_4000_20260428T082556Z,0x4000,64,0x4119,write,sfr,0x00D0,0x80,cpu_internal_sfr,register_state_update,emulation_observed,high,internal_8051_sfr_not_display_evidence
boot_4000_20260428T082556Z,0x4000,67,0x4155,write,sfr,0x0082,0x30,cpu_internal_sfr,register_state_update,emulation_observed,high,internal_8051_sfr_not_display_evidence
boot_4000_20260428T082556Z,0x4000,69,0x4159,write,sfr,0x00D0,0x00,cpu_internal_sfr,register_state_update,emulation_observed,high,internal_8051_sfr_not_display_evidence
boot_4000_20260428T082556Z,0x4000,70,0x415B,write,sfr,0x0083,0x06,cpu_internal_sfr,register_state_update,emulation_observed,high,internal_8051_sfr_not_display_evidence
boot_4000_20260428T082556Z,0x4000,73,0x4113,write,sfr,0x00D0,0x80,cpu_internal_sfr,register_state_update,emulation_observed,high,internal_8051_sfr_not_display_evidence
boot_4000_20260428T082556Z,0x4000,74,0x4119,write,sfr,0x00D0,0x80,cpu_internal_sfr,register_state_update,emulation_observed,high,internal_8051_sfr_not_display_evidence
boot_4000_20260428T082556Z,0x4000,77,0x4155,write,sfr,0x0082,0x38,cpu_internal_sfr,register_state_update,emulation_observed,high,internal_8051_sfr_not_display_evidence
boot_4000_20260428T082556Z,0x4000,79,0x4159,write,sfr,0x00D0,0x00,cpu_internal_sfr,register_state_update,emulation_observed,high,internal_8051_sfr_not_display_evidence
boot_4000_20260428T082556Z,0x4000,80,0x415B,write,sfr,0x0083,0x07,cpu_internal_sfr,register_state_update,emulation_observed,high,internal_8051_sfr_not_display_evidence
boot_4000_20260428T082556Z,0x4000,83,0x4113,write,sfr,0x00D0,0x80,cpu_internal_sfr,register_state_update,emulation_observed,high,internal_8051_sfr_not_display_evidence
boot_4000_20260428T082556Z,0x4000,84,0x4119,write,sfr,0x00D0,0x80,cpu_internal_sfr,register_state_update,emulation_observed,high,internal_8051_sfr_not_display_evidence
boot_4000_20260428T082556Z,0x4000,87,0x4155,write,sfr,0x0082,0x40,cpu_internal_sfr,register_state_update,emulation_observed,high,internal_8051_sfr_not_display_evidence
boot_4000_20260428T082556Z,0x4000,89,0x4159,write,sfr,0x00D0,0x00,cpu_internal_sfr,register_state_update,emulation_observed,high,internal_8051_sfr_not_display_evidence
boot_4000_20260428T082556Z,0x4000,90,0x415B,write,sfr,0x0083,0x08,cpu_internal_sfr,register_state_update,emulation_observed,high,internal_8051_sfr_not_display_evidence
boot_4000_20260428T082556Z,0x4000,93,0x4113,write,sfr,0x00D0,0x80,cpu_internal_sfr,register_state_update,emulation_observed,high,internal_8051_sfr_not_display_evidence
boot_4000_20260428T082556Z,0x4000,94,0x4119,write,sfr,0x00D0,0x80,cpu_internal_sfr,register_state_update,emulation_observed,high,internal_8051_sfr_not_display_evidence
boot_4000_20260428T082556Z,0x4000,97,0x4155,write,sfr,0x0082,0x48,cpu_internal_sfr,register_state_update,emulation_observed,high,internal_8051_sfr_not_display_evidence
boot_4000_20260428T082556Z,0x4000,99,0x4159,write,sfr,0x00D0,0x00,cpu_internal_sfr,register_state_update,emulation_observed,high,internal_8051_sfr_not_display_evidence
boot_4000_20260428T082556Z,0x4000,100,0x415B,write,sfr,0x0083,0x09,cpu_internal_sfr,register_state_update,emulation_observed,high,internal_8051_sfr_not_display_evidence
boot_4000_20260428T082556Z,0x4000,103,0x4113,write,sfr,0x00D0,0x80,cpu_internal_sfr,register_state_update,emulation_observed,high,internal_8051_sfr_not_display_evidence
boot_4000_20260428T082556Z,0x4000,104,0x4119,write,sfr,0x00D0,0x80,cpu_internal_sfr,register_state_update,emulation_observed,high,internal_8051_sfr_not_display_evidence
boot_4000_20260428T082556Z,0x4000,107,0x4155,write,sfr,0x0082,0x50,cpu_internal_sfr,register_state_update,emulation_observed,high,internal_8051_sfr_not_display_evidence
boot_4000_20260428T082556Z,0x4000,109,0x4159,write,sfr,0x00D0,0x00,cpu_internal_sfr,register_state_update,emulation_observed,high,internal_8051_sfr_not_display_evidence
boot_4000_20260428T082556Z,0x4000,110,0x415B,write,sfr,0x0083,0x0A,cpu_internal_sfr,register_state_update,emulation_observed,high,internal_8051_sfr_not_display_evidence
boot_4000_20260428T082556Z,0x4000,113,0x4113,write,sfr,0x00D0,0x80,cpu_internal_sfr,register_state_update,emulation_observed,high,internal_8051_sfr_not_display_evidence
boot_4000_20260428T082556Z,0x4000,114,0x4119,write,sfr,0x00D0,0x80,cpu_internal_sfr,register_state_update,emulation_observed,high,internal_8051_sfr_not_display_evidence
boot_4000_20260428T082556Z,0x4000,117,0x4155,write,sfr,0x0082,0x58,cpu_internal_sfr,register_state_update,emulation_observed,high,internal_8051_sfr_not_display_evidence
boot_4000_20260428T082556Z,0x4000,119,0x4159,write,sfr,0x00D0,0x00,cpu_internal_sfr,register_state_update,emulation_observed,high,internal_8051_sfr_not_display_evidence
boot_4000_20260428T082556Z,0x4000,120,0x415B,write,sfr,0x0083,0x0B,cpu_internal_sfr,register_state_update,emulation_observed,high,internal_8051_sfr_not_display_evidence
boot_4000_20260428T082556Z,0x4000,123,0x4113,write,sfr,0x00D0,0x80,cpu_internal_sfr,register_state_update,emulation_observed,high,internal_8051_sfr_not_display_evidence
boot_4000_20260428T082556Z,0x4000,124,0x4119,write,sfr,0x00D0,0x80,cpu_internal_sfr,register_state_update,emulation_observed,high,internal_8051_sfr_not_display_evidence
boot_4000_20260428T082556Z,0x4000,127,0x4155,write,sfr,0x0082,0x60,cpu_internal_sfr,register_state_update,emulation_observed,high,internal_8051_sfr_not_display_evidence
boot_4000_20260428T082556Z,0x4000,129,0x4159,write,sfr,0x00D0,0x00,cpu_internal_sfr,register_state_update,emulation_observed,high,internal_8051_sfr_not_display_evidence
boot_4000_20260428T082556Z,0x4000,130,0x415B,write,sfr,0x0083,0x0C,cpu_internal_sfr,register_state_update,emulation_observed,high,internal_8051_sfr_not_display_evidence
boot_4000_20260428T082556Z,0x4000,133,0x4113,write,sfr,0x00D0,0x80,cpu_internal_sfr,register_state_update,emulation_observed,high,internal_8051_sfr_not_display_evidence
boot_4000_20260428T082556Z,0x4000,134,0x4119,write,sfr,0x00D0,0x80,cpu_internal_sfr,register_state_update,emulation_observed,high,internal_8051_sfr_not_display_evidence
boot_4000_20260428T082556Z,0x4000,137,0x4155,write,sfr,0x0082,0x68,cpu_internal_sfr,register_state_update,emulation_observed,high,internal_8051_sfr_not_display_evidence
boot_4000_20260428T082556Z,0x4000,139,0x4159,write,sfr,0x00D0,0x00,cpu_internal_sfr,register_state_update,emulation_observed,high,internal_8051_sfr_not_display_evidence
boot_4000_20260428T082556Z,0x4000,140,0x415B,write,sfr,0x0083,0x0D,cpu_internal_sfr,register_state_update,emulation_observed,high,internal_8051_sfr_not_display_evidence
boot_4000_20260428T082556Z,0x4000,143,0x4113,write,sfr,0x00D0,0x80,cpu_internal_sfr,register_state_update,emulation_observed,high,internal_8051_sfr_not_display_evidence
boot_4000_20260428T082556Z,0x4000,144,0x4119,write,sfr,0x00D0,0x80,cpu_internal_sfr,register_state_update,emulation_observed,high,internal_8051_sfr_not_display_evidence
boot_4000_20260428T082556Z,0x4000,147,0x4155,write,sfr,0x0082,0x70,cpu_internal_sfr,register_state_update,emulation_observed,high,internal_8051_sfr_not_display_evidence
boot_4000_20260428T082556Z,0x4000,149,0x4159,write,sfr,0x00D0,0x00,cpu_internal_sfr,register_state_update,emulation_observed,high,internal_8051_sfr_not_display_evidence
boot_4000_20260428T082556Z,0x4000,150,0x415B,write,sfr,0x0083,0x0E,cpu_internal_sfr,register_state_update,emulation_observed,high,internal_8051_sfr_not_display_evidence
boot_4000_20260428T082556Z,0x4000,153,0x4113,write,sfr,0x00D0,0x80,cpu_internal_sfr,register_state_update,emulation_observed,high,internal_8051_sfr_not_display_evidence
boot_4000_20260428T082556Z,0x4000,154,0x4119,write,sfr,0x00D0,0x80,cpu_internal_sfr,register_state_update,emulation_observed,high,internal_8051_sfr_not_display_evidence
boot_4000_20260428T082556Z,0x4000,157,0x4155,write,sfr,0x0082,0x78,cpu_internal_sfr,register_state_update,emulation_observed,high,internal_8051_sfr_not_display_evidence
boot_4000_20260428T082556Z,0x4000,159,0x4159,write,sfr,0x00D0,0x00,cpu_internal_sfr,register_state_update,emulation_observed,high,internal_8051_sfr_not_display_evidence
boot_4000_20260428T082556Z,0x4000,160,0x415B,write,sfr,0x0083,0x0F,cpu_internal_sfr,register_state_update,emulation_observed,high,internal_8051_sfr_not_display_evidence
boot_4000_20260428T082556Z,0x4000,163,0x4113,write,sfr,0x00D0,0x80,cpu_internal_sfr,register_state_update,emulation_observed,high,internal_8051_sfr_not_display_evidence
boot_4000_20260428T082556Z,0x4000,164,0x4119,write,sfr,0x00D0,0x80,cpu_internal_sfr,register_state_update,emulation_observed,high,internal_8051_sfr_not_display_evidence
boot_4000_20260428T082556Z,0x4000,167,0x4155,write,sfr,0x0082,0x80,cpu_internal_sfr,register_state_update,emulation_observed,high,internal_8051_sfr_not_display_evidence
boot_4000_20260428T082556Z,0x4000,169,0x4159,write,sfr,0x00D0,0x00,cpu_internal_sfr,register_state_update,emulation_observed,high,internal_8051_sfr_not_display_evidence
boot_4000_20260428T082556Z,0x4000,170,0x415B,write,sfr,0x0083,0x10,cpu_internal_sfr,register_state_update,emulation_observed,high,internal_8051_sfr_not_display_evidence
boot_4000_20260428T082556Z,0x4000,173,0x4113,write,sfr,0x00D0,0x80,cpu_internal_sfr,register_state_update,emulation_observed,high,internal_8051_sfr_not_display_evidence
boot_4000_20260428T082556Z,0x4000,174,0x4119,write,sfr,0x00D0,0x80,cpu_internal_sfr,register_state_update,emulation_observed,high,internal_8051_sfr_not_display_evidence
boot_4000_20260428T082556Z,0x4000,177,0x4155,write,sfr,0x0082,0x88,cpu_internal_sfr,register_state_update,emulation_observed,high,internal_8051_sfr_not_display_evidence
boot_4000_20260428T082556Z,0x4000,179,0x4159,write,sfr,0x00D0,0x00,cpu_internal_sfr,register_state_update,emulation_observed,high,internal_8051_sfr_not_display_evidence
boot_4000_20260428T082556Z,0x4000,180,0x415B,write,sfr,0x0083,0x11,cpu_internal_sfr,register_state_update,emulation_observed,high,internal_8051_sfr_not_display_evidence
boot_4000_20260428T082556Z,0x4000,183,0x4113,write,sfr,0x00D0,0x80,cpu_internal_sfr,register_state_update,emulation_observed,high,internal_8051_sfr_not_display_evidence
boot_4000_20260428T082556Z,0x4000,184,0x4119,write,sfr,0x00D0,0x80,cpu_internal_sfr,register_state_update,emulation_observed,high,internal_8051_sfr_not_display_evidence
boot_4000_20260428T082556Z,0x4000,187,0x4155,write,sfr,0x0082,0x90,cpu_internal_sfr,register_state_update,emulation_observed,high,internal_8051_sfr_not_display_evidence
boot_4000_20260428T082556Z,0x4000,189,0x4159,write,sfr,0x00D0,0x00,cpu_internal_sfr,register_state_update,emulation_observed,high,internal_8051_sfr_not_display_evidence
boot_4000_20260428T082556Z,0x4000,190,0x415B,write,sfr,0x0083,0x12,cpu_internal_sfr,register_state_update,emulation_observed,high,internal_8051_sfr_not_display_evidence
boot_4000_20260428T082556Z,0x4000,193,0x4113,write,sfr,0x00D0,0x80,cpu_internal_sfr,register_state_update,emulation_observed,high,internal_8051_sfr_not_display_evidence
boot_4000_20260428T082556Z,0x4000,194,0x4119,write,sfr,0x00D0,0x80,cpu_internal_sfr,register_state_update,emulation_observed,high,internal_8051_sfr_not_display_evidence
boot_4000_20260428T082556Z,0x4000,197,0x4155,write,sfr,0x0082,0x98,cpu_internal_sfr,register_state_update,emulation_observed,high,internal_8051_sfr_not_display_evidence
boot_4000_20260428T082556Z,0x4000,199,0x4159,write,sfr,0x00D0,0x00,cpu_internal_sfr,register_state_update,emulation_observed,high,internal_8051_sfr_not_display_evidence
boot_4000_20260428T082556Z,0x4000,200,0x415B,write,sfr,0x0083,0x13,cpu_internal_sfr,register_state_update,emulation_observed,high,internal_8051_sfr_not_display_evidence
boot_4000_20260428T082556Z,0x4000,203,0x4113,write,sfr,0x00D0,0x80,cpu_internal_sfr,register_state_update,emulation_observed,high,internal_8051_sfr_not_display_evidence
boot_4000_20260428T082556Z,0x4000,204,0x4119,write,sfr,0x00D0,0x80,cpu_internal_sfr,register_state_update,emulation_observed,high,internal_8051_sfr_not_display_evidence
boot_4000_20260428T082556Z,0x4000,207,0x4155,write,sfr,0x0082,0xA0,cpu_internal_sfr,register_state_update,emulation_observed,high,internal_8051_sfr_not_display_evidence
boot_4000_20260428T082556Z,0x4000,209,0x4159,write,sfr,0x00D0,0x00,cpu_internal_sfr,register_state_update,emulation_observed,high,internal_8051_sfr_not_display_evidence
boot_4000_20260428T082556Z,0x4000,210,0x415B,write,sfr,0x0083,0x14,cpu_internal_sfr,register_state_update,emulation_observed,high,internal_8051_sfr_not_display_evidence
boot_4000_20260428T082556Z,0x4000,213,0x4113,write,sfr,0x00D0,0x80,cpu_internal_sfr,register_state_update,emulation_observed,high,internal_8051_sfr_not_display_evidence
boot_4000_20260428T082556Z,0x4000,214,0x4119,write,sfr,0x00D0,0x80,cpu_internal_sfr,register_state_update,emulation_observed,high,internal_8051_sfr_not_display_evidence
boot_4000_20260428T082556Z,0x4000,217,0x4155,write,sfr,0x0082,0xA8,cpu_internal_sfr,register_state_update,emulation_observed,high,internal_8051_sfr_not_display_evidence
boot_4000_20260428T082556Z,0x4000,219,0x4159,write,sfr,0x00D0,0x00,cpu_internal_sfr,register_state_update,emulation_observed,high,internal_8051_sfr_not_display_evidence
boot_4000_20260428T082556Z,0x4000,220,0x415B,write,sfr,0x0083,0x15,cpu_internal_sfr,register_state_update,emulation_observed,high,internal_8051_sfr_not_display_evidence
boot_4000_20260428T082556Z,0x4000,223,0x4113,write,sfr,0x00D0,0x80,cpu_internal_sfr,register_state_update,emulation_observed,high,internal_8051_sfr_not_display_evidence
boot_4000_20260428T082556Z,0x4000,224,0x4119,write,sfr,0x00D0,0x80,cpu_internal_sfr,register_state_update,emulation_observed,high,internal_8051_sfr_not_display_evidence
boot_4000_20260428T082556Z,0x4000,227,0x4155,write,sfr,0x0082,0xB0,cpu_internal_sfr,register_state_update,emulation_observed,high,internal_8051_sfr_not_display_evidence
boot_4000_20260428T082556Z,0x4000,229,0x4159,write,sfr,0x00D0,0x00,cpu_internal_sfr,register_state_update,emulation_observed,high,internal_8051_sfr_not_display_evidence
boot_4000_20260428T082556Z,0x4000,230,0x415B,write,sfr,0x0083,0x16,cpu_internal_sfr,register_state_update,emulation_observed,high,internal_8051_sfr_not_display_evidence
boot_4000_20260428T082556Z,0x4000,233,0x4113,write,sfr,0x00D0,0x80,cpu_internal_sfr,register_state_update,emulation_observed,high,internal_8051_sfr_not_display_evidence
boot_4000_20260428T082556Z,0x4000,234,0x4119,write,sfr,0x00D0,0x80,cpu_internal_sfr,register_state_update,emulation_observed,high,internal_8051_sfr_not_display_evidence
boot_4000_20260428T082556Z,0x4000,237,0x4155,write,sfr,0x0082,0xB8,cpu_internal_sfr,register_state_update,emulation_observed,high,internal_8051_sfr_not_display_evidence
boot_4000_20260428T082556Z,0x4000,239,0x4159,write,sfr,0x00D0,0x00,cpu_internal_sfr,register_state_update,emulation_observed,high,internal_8051_sfr_not_display_evidence
boot_4000_20260428T082556Z,0x4000,240,0x415B,write,sfr,0x0083,0x17,cpu_internal_sfr,register_state_update,emulation_observed,high,internal_8051_sfr_not_display_evidence
boot_4000_20260428T082556Z,0x4000,243,0x4113,write,sfr,0x00D0,0x80,cpu_internal_sfr,register_state_update,emulation_observed,high,internal_8051_sfr_not_display_evidence
boot_4000_20260428T082556Z,0x4000,244,0x4119,write,sfr,0x00D0,0x80,cpu_internal_sfr,register_state_update,emulation_observed,high,internal_8051_sfr_not_display_evidence
boot_4000_20260428T082556Z,0x4000,247,0x4155,write,sfr,0x0082,0xC0,cpu_internal_sfr,register_state_update,emulation_observed,high,internal_8051_sfr_not_display_evidence
boot_4000_20260428T082556Z,0x4000,249,0x4159,write,sfr,0x00D0,0x00,cpu_internal_sfr,register_state_update,emulation_observed,high,internal_8051_sfr_not_display_evidence
boot_4000_20260428T082556Z,0x4000,250,0x415B,write,sfr,0x0083,0x18,cpu_internal_sfr,register_state_update,emulation_observed,high,internal_8051_sfr_not_display_evidence
boot_4000_20260428T082556Z,0x4000,253,0x4113,write,sfr,0x00D0,0x80,cpu_internal_sfr,register_state_update,emulation_observed,high,internal_8051_sfr_not_display_evidence
boot_4000_20260428T082556Z,0x4000,254,0x4119,write,sfr,0x00D0,0x80,cpu_internal_sfr,register_state_update,emulation_observed,high,internal_8051_sfr_not_display_evidence
boot_4000_20260428T082556Z,0x4000,257,0x4155,write,sfr,0x0082,0xC8,cpu_internal_sfr,register_state_update,emulation_observed,high,internal_8051_sfr_not_display_evidence
boot_4000_20260428T082556Z,0x4000,259,0x4159,write,sfr,0x00D0,0x00,cpu_internal_sfr,register_state_update,emulation_observed,high,internal_8051_sfr_not_display_evidence
boot_4000_20260428T082556Z,0x4000,260,0x415B,write,sfr,0x0083,0x19,cpu_internal_sfr,register_state_update,emulation_observed,high,internal_8051_sfr_not_display_evidence
boot_4000_20260428T082556Z,0x4000,263,0x4113,write,sfr,0x00D0,0x80,cpu_internal_sfr,register_state_update,emulation_observed,high,internal_8051_sfr_not_display_evidence
boot_4000_20260428T082556Z,0x4000,264,0x4119,write,sfr,0x00D0,0x80,cpu_internal_sfr,register_state_update,emulation_observed,high,internal_8051_sfr_not_display_evidence
boot_4000_20260428T082556Z,0x4000,267,0x4155,write,sfr,0x0082,0xD0,cpu_internal_sfr,register_state_update,emulation_observed,high,internal_8051_sfr_not_display_evidence
boot_4000_20260428T082556Z,0x4000,269,0x4159,write,sfr,0x00D0,0x00,cpu_internal_sfr,register_state_update,emulation_observed,high,internal_8051_sfr_not_display_evidence
boot_4000_20260428T082556Z,0x4000,270,0x415B,write,sfr,0x0083,0x1A,cpu_internal_sfr,register_state_update,emulation_observed,high,internal_8051_sfr_not_display_evidence
boot_4000_20260428T082556Z,0x4000,273,0x4113,write,sfr,0x00D0,0x80,cpu_internal_sfr,register_state_update,emulation_observed,high,internal_8051_sfr_not_display_evidence
boot_4000_20260428T082556Z,0x4000,274,0x4119,write,sfr,0x00D0,0x80,cpu_internal_sfr,register_state_update,emulation_observed,high,internal_8051_sfr_not_display_evidence
boot_4000_20260428T082556Z,0x4000,277,0x4155,write,sfr,0x0082,0xD8,cpu_internal_sfr,register_state_update,emulation_observed,high,internal_8051_sfr_not_display_evidence
boot_4000_20260428T082556Z,0x4000,279,0x4159,write,sfr,0x00D0,0x00,cpu_internal_sfr,register_state_update,emulation_observed,high,internal_8051_sfr_not_display_evidence
boot_4000_20260428T082556Z,0x4000,280,0x415B,write,sfr,0x0083,0x1B,cpu_internal_sfr,register_state_update,emulation_observed,high,internal_8051_sfr_not_display_evidence
boot_4000_20260428T082556Z,0x4000,283,0x4113,write,sfr,0x00D0,0x80,cpu_internal_sfr,register_state_update,emulation_observed,high,internal_8051_sfr_not_display_evidence
boot_4000_20260428T082556Z,0x4000,284,0x4119,write,sfr,0x00D0,0x80,cpu_internal_sfr,register_state_update,emulation_observed,high,internal_8051_sfr_not_display_evidence
boot_4000_20260428T082556Z,0x4000,287,0x4155,write,sfr,0x0082,0xE0,cpu_internal_sfr,register_state_update,emulation_observed,high,internal_8051_sfr_not_display_evidence
boot_4000_20260428T082556Z,0x4000,289,0x4159,write,sfr,0x00D0,0x00,cpu_internal_sfr,register_state_update,emulation_observed,high,internal_8051_sfr_not_display_evidence
boot_4000_20260428T082556Z,0x4000,290,0x415B,write,sfr,0x0083,0x1C,cpu_internal_sfr,register_state_update,emulation_observed,high,internal_8051_sfr_not_display_evidence
boot_4000_20260428T082556Z,0x4000,293,0x4113,write,sfr,0x00D0,0x80,cpu_internal_sfr,register_state_update,emulation_observed,high,internal_8051_sfr_not_display_evidence
boot_4000_20260428T082556Z,0x4000,294,0x4119,write,sfr,0x00D0,0x80,cpu_internal_sfr,register_state_update,emulation_observed,high,internal_8051_sfr_not_display_evidence
boot_4000_20260428T082556Z,0x4000,297,0x4155,write,sfr,0x0082,0xE8,cpu_internal_sfr,register_state_update,emulation_observed,high,internal_8051_sfr_not_display_evidence
boot_4000_20260428T082556Z,0x4000,299,0x4159,write,sfr,0x00D0,0x00,cpu_internal_sfr,register_state_update,emulation_observed,high,internal_8051_sfr_not_display_evidence
boot_4000_20260428T082556Z,0x4000,300,0x415B,write,sfr,0x0083,0x1D,cpu_internal_sfr,register_state_update,emulation_observed,high,internal_8051_sfr_not_display_evidence
boot_4000_20260428T082556Z,0x4000,303,0x4113,write,sfr,0x00D0,0x80,cpu_internal_sfr,register_state_update,emulation_observed,high,internal_8051_sfr_not_display_evidence
boot_4000_20260428T082556Z,0x4000,304,0x4119,write,sfr,0x00D0,0x80,cpu_internal_sfr,register_state_update,emulation_observed,high,internal_8051_sfr_not_display_evidence
boot_4000_20260428T082556Z,0x4000,307,0x4155,write,sfr,0x0082,0xF0,cpu_internal_sfr,register_state_update,emulation_observed,high,internal_8051_sfr_not_display_evidence
boot_4000_20260428T082556Z,0x4000,309,0x4159,write,sfr,0x00D0,0x00,cpu_internal_sfr,register_state_update,emulation_observed,high,internal_8051_sfr_not_display_evidence
boot_4000_20260428T082556Z,0x4000,310,0x415B,write,sfr,0x0083,0x1E,cpu_internal_sfr,register_state_update,emulation_observed,high,internal_8051_sfr_not_display_evidence
boot_4000_20260428T082556Z,0x4000,313,0x4113,write,sfr,0x00D0,0x80,cpu_internal_sfr,register_state_update,emulation_observed,high,internal_8051_sfr_not_display_evidence
boot_4000_20260428T082556Z,0x4000,314,0x4119,write,sfr,0x00D0,0x80,cpu_internal_sfr,register_state_update,emulation_observed,high,internal_8051_sfr_not_display_evidence
boot_4000_20260428T082556Z,0x4000,317,0x4155,write,sfr,0x0082,0xF8,cpu_internal_sfr,register_state_update,emulation_observed,high,internal_8051_sfr_not_display_evidence
boot_4000_20260428T082556Z,0x4000,319,0x4159,write,sfr,0x00D0,0x00,cpu_internal_sfr,register_state_update,emulation_observed,high,internal_8051_sfr_not_display_evidence
boot_4000_20260428T082556Z,0x4000,320,0x415B,write,sfr,0x0083,0x1F,cpu_internal_sfr,register_state_update,emulation_observed,high,internal_8051_sfr_not_display_evidence
boot_4000_20260428T082556Z,0x4000,323,0x4113,write,sfr,0x00D0,0x80,cpu_internal_sfr,register_state_update,emulation_observed,high,internal_8051_sfr_not_display_evidence
boot_4000_20260428T082556Z,0x4000,324,0x4119,write,sfr,0x00D0,0x80,cpu_internal_sfr,register_state_update,emulation_observed,high,internal_8051_sfr_not_display_evidence
boot_4000_20260428T082556Z,0x4000,327,0x4155,write,sfr,0x0082,0x00,cpu_internal_sfr,register_state_update,emulation_observed,high,internal_8051_sfr_not_display_evidence
boot_4000_20260428T082556Z,0x4000,329,0x4159,write,sfr,0x00D0,0x00,cpu_internal_sfr,register_state_update,emulation_observed,high,internal_8051_sfr_not_display_evidence
boot_4000_20260428T082556Z,0x4000,330,0x415B,write,sfr,0x0083,0x20,cpu_internal_sfr,register_state_update,emulation_observed,high,internal_8051_sfr_not_display_evidence
boot_4000_20260428T082556Z,0x4000,333,0x4113,write,sfr,0x00D0,0x80,cpu_internal_sfr,register_state_update,emulation_observed,high,internal_8051_sfr_not_display_evidence
boot_4000_20260428T082556Z,0x4000,334,0x4119,write,sfr,0x00D0,0x80,cpu_internal_sfr,register_state_update,emulation_observed,high,internal_8051_sfr_not_display_evidence
boot_4000_20260428T082556Z,0x4000,337,0x4155,write,sfr,0x0082,0x08,cpu_internal_sfr,register_state_update,emulation_observed,high,internal_8051_sfr_not_display_evidence
boot_4000_20260428T082556Z,0x4000,339,0x4159,write,sfr,0x00D0,0x00,cpu_internal_sfr,register_state_update,emulation_observed,high,internal_8051_sfr_not_display_evidence
boot_4000_20260428T082556Z,0x4000,340,0x415B,write,sfr,0x0083,0x21,cpu_internal_sfr,register_state_update,emulation_observed,high,internal_8051_sfr_not_display_evidence
boot_4000_20260428T082556Z,0x4000,343,0x4113,write,sfr,0x00D0,0x80,cpu_internal_sfr,register_state_update,emulation_observed,high,internal_8051_sfr_not_display_evidence
boot_4000_20260428T082556Z,0x4000,344,0x4119,write,sfr,0x00D0,0x80,cpu_internal_sfr,register_state_update,emulation_observed,high,internal_8051_sfr_not_display_evidence
boot_4000_20260428T082556Z,0x4000,347,0x4155,write,sfr,0x0082,0x10,cpu_internal_sfr,register_state_update,emulation_observed,high,internal_8051_sfr_not_display_evidence
boot_4000_20260428T082556Z,0x4000,349,0x4159,write,sfr,0x00D0,0x00,cpu_internal_sfr,register_state_update,emulation_observed,high,internal_8051_sfr_not_display_evidence
boot_4000_20260428T082556Z,0x4000,350,0x415B,write,sfr,0x0083,0x22,cpu_internal_sfr,register_state_update,emulation_observed,high,internal_8051_sfr_not_display_evidence
boot_4000_20260428T082556Z,0x4000,353,0x4113,write,sfr,0x00D0,0x80,cpu_internal_sfr,register_state_update,emulation_observed,high,internal_8051_sfr_not_display_evidence
boot_4000_20260428T082556Z,0x4000,354,0x4119,write,sfr,0x00D0,0x80,cpu_internal_sfr,register_state_update,emulation_observed,high,internal_8051_sfr_not_display_evidence
boot_4000_20260428T082556Z,0x4000,357,0x4155,write,sfr,0x0082,0x18,cpu_internal_sfr,register_state_update,emulation_observed,high,internal_8051_sfr_not_display_evidence
boot_4000_20260428T082556Z,0x4000,359,0x4159,write,sfr,0x00D0,0x00,cpu_internal_sfr,register_state_update,emulation_observed,high,internal_8051_sfr_not_display_evidence
boot_4000_20260428T082556Z,0x4000,360,0x415B,write,sfr,0x0083,0x23,cpu_internal_sfr,register_state_update,emulation_observed,high,internal_8051_sfr_not_display_evidence
boot_4000_20260428T082556Z,0x4000,363,0x4113,write,sfr,0x00D0,0x80,cpu_internal_sfr,register_state_update,emulation_observed,high,internal_8051_sfr_not_display_evidence
boot_4000_20260428T082556Z,0x4000,364,0x4119,write,sfr,0x00D0,0x80,cpu_internal_sfr,register_state_update,emulation_observed,high,internal_8051_sfr_not_display_evidence
boot_4000_20260428T082556Z,0x4000,367,0x4155,write,sfr,0x0082,0x20,cpu_internal_sfr,register_state_update,emulation_observed,high,internal_8051_sfr_not_display_evidence
boot_4000_20260428T082556Z,0x4000,369,0x4159,write,sfr,0x00D0,0x00,cpu_internal_sfr,register_state_update,emulation_observed,high,internal_8051_sfr_not_display_evidence
boot_4000_20260428T082556Z,0x4000,370,0x415B,write,sfr,0x0083,0x24,cpu_internal_sfr,register_state_update,emulation_observed,high,internal_8051_sfr_not_display_evidence
boot_4000_20260428T082556Z,0x4000,373,0x4113,write,sfr,0x00D0,0x80,cpu_internal_sfr,register_state_update,emulation_observed,high,internal_8051_sfr_not_display_evidence
boot_4000_20260428T082556Z,0x4000,374,0x4119,write,sfr,0x00D0,0x80,cpu_internal_sfr,register_state_update,emulation_observed,high,internal_8051_sfr_not_display_evidence
boot_4000_20260428T082556Z,0x4000,377,0x4155,write,sfr,0x0082,0x28,cpu_internal_sfr,register_state_update,emulation_observed,high,internal_8051_sfr_not_display_evidence
boot_4000_20260428T082556Z,0x4000,379,0x4159,write,sfr,0x00D0,0x00,cpu_internal_sfr,register_state_update,emulation_observed,high,internal_8051_sfr_not_display_evidence
boot_4000_20260428T082556Z,0x4000,380,0x415B,write,sfr,0x0083,0x25,cpu_internal_sfr,register_state_update,emulation_observed,high,internal_8051_sfr_not_display_evidence
boot_4000_20260428T082556Z,0x4000,383,0x4113,write,sfr,0x00D0,0x80,cpu_internal_sfr,register_state_update,emulation_observed,high,internal_8051_sfr_not_display_evidence
boot_4000_20260428T082556Z,0x4000,384,0x4119,write,sfr,0x00D0,0x80,cpu_internal_sfr,register_state_update,emulation_observed,high,internal_8051_sfr_not_display_evidence
boot_4000_20260428T082556Z,0x4000,387,0x4155,write,sfr,0x0082,0x30,cpu_internal_sfr,register_state_update,emulation_observed,high,internal_8051_sfr_not_display_evidence
boot_4000_20260428T082556Z,0x4000,389,0x4159,write,sfr,0x00D0,0x00,cpu_internal_sfr,register_state_update,emulation_observed,high,internal_8051_sfr_not_display_evidence
boot_4000_20260428T082556Z,0x4000,390,0x415B,write,sfr,0x0083,0x26,cpu_internal_sfr,register_state_update,emulation_observed,high,internal_8051_sfr_not_display_evidence
boot_4000_20260428T082556Z,0x4000,393,0x4113,write,sfr,0x00D0,0x80,cpu_internal_sfr,register_state_update,emulation_observed,high,internal_8051_sfr_not_display_evidence
boot_4000_20260428T082556Z,0x4000,394,0x4119,write,sfr,0x00D0,0x80,cpu_internal_sfr,register_state_update,emulation_observed,high,internal_8051_sfr_not_display_evidence
boot_4000_20260428T082556Z,0x4000,397,0x4155,write,sfr,0x0082,0x38,cpu_internal_sfr,register_state_update,emulation_observed,high,internal_8051_sfr_not_display_evidence
boot_4000_20260428T082556Z,0x4000,399,0x4159,write,sfr,0x00D0,0x00,cpu_internal_sfr,register_state_update,emulation_observed,high,internal_8051_sfr_not_display_evidence
boot_4000_20260428T082556Z,0x4000,400,0x415B,write,sfr,0x0083,0x27,cpu_internal_sfr,register_state_update,emulation_observed,high,internal_8051_sfr_not_display_evidence
boot_4000_20260428T082556Z,0x4000,403,0x4113,write,sfr,0x00D0,0x80,cpu_internal_sfr,register_state_update,emulation_observed,high,internal_8051_sfr_not_display_evidence
