run_id,scenario,firmware_file,function_addr,pc,count,first_step,last_step,possible_role,notes
packet_bridge_seeded_context_55AD_20260428T042929Z,packet_bridge_seeded_context,90CYE03_19_DKS.PZU,0x55AD,0x567F,48,685,873,loop_hotspot,emulation_observed
packet_bridge_seeded_context_55AD_20260428T042929Z,packet_bridge_seeded_context,90CYE03_19_DKS.PZU,0x55AD,0x5680,48,686,874,loop_hotspot,emulation_observed
packet_bridge_seeded_context_55AD_20260428T042929Z,packet_bridge_seeded_context,90CYE03_19_DKS.PZU,0x55AD,0x5682,48,687,875,loop_hotspot,emulation_observed
packet_bridge_seeded_context_55AD_20260428T042929Z,packet_bridge_seeded_context,90CYE03_19_DKS.PZU,0x55AD,0x5683,48,688,876,loop_hotspot,emulation_observed
packet_bridge_seeded_context_55AD_20260428T042929Z,packet_bridge_seeded_context,90CYE03_19_DKS.PZU,0x55AD,0x5935,24,401,1004,loop_hotspot,emulation_observed
packet_bridge_seeded_context_55AD_20260428T042929Z,packet_bridge_seeded_context,90CYE03_19_DKS.PZU,0x55AD,0x5938,24,402,1005,loop_hotspot,emulation_observed
packet_bridge_seeded_context_55AD_20260428T042929Z,packet_bridge_seeded_context,90CYE03_19_DKS.PZU,0x55AD,0x593A,24,403,1006,loop_hotspot,emulation_observed
packet_bridge_seeded_context_55AD_20260428T042929Z,packet_bridge_seeded_context,90CYE03_19_DKS.PZU,0x55AD,0x593B,24,404,1007,loop_hotspot,emulation_observed
packet_bridge_seeded_context_55AD_20260428T042929Z,packet_bridge_seeded_context,90CYE03_19_DKS.PZU,0x55AD,0x593D,24,405,1008,loop_hotspot,emulation_observed
packet_bridge_seeded_context_55AD_20260428T042929Z,packet_bridge_seeded_context,90CYE03_19_DKS.PZU,0x55AD,0x55AD,8,1,57,loop_hotspot,emulation_observed
packet_bridge_seeded_context_55AD_20260428T042929Z,packet_bridge_seeded_context,90CYE03_19_DKS.PZU,0x55AD,0x55B0,8,2,58,loop_hotspot,emulation_observed
packet_bridge_seeded_context_55AD_20260428T042929Z,packet_bridge_seeded_context,90CYE03_19_DKS.PZU,0x55AD,0x55B1,8,3,59,loop_hotspot,emulation_observed
packet_bridge_seeded_context_55AD_20260428T042929Z,packet_bridge_seeded_context,90CYE03_19_DKS.PZU,0x55AD,0x55CF,8,4,60,loop_hotspot,emulation_observed
packet_bridge_seeded_context_55AD_20260428T042929Z,packet_bridge_seeded_context,90CYE03_19_DKS.PZU,0x55AD,0x55D0,8,5,61,loop_hotspot,emulation_observed
packet_bridge_seeded_context_55AD_20260428T042929Z,packet_bridge_seeded_context,90CYE03_19_DKS.PZU,0x55AD,0x55E1,8,70,350,loop_hotspot,emulation_observed
packet_bridge_seeded_context_55AD_20260428T042929Z,packet_bridge_seeded_context,90CYE03_19_DKS.PZU,0x55AD,0x55E4,8,71,351,loop_hotspot,emulation_observed
packet_bridge_seeded_context_55AD_20260428T042929Z,packet_bridge_seeded_context,90CYE03_19_DKS.PZU,0x55AD,0x55E5,8,72,352,loop_hotspot,emulation_observed
packet_bridge_seeded_context_55AD_20260428T042929Z,packet_bridge_seeded_context,90CYE03_19_DKS.PZU,0x55AD,0x55E6,8,73,353,loop_hotspot,emulation_observed
packet_bridge_seeded_context_55AD_20260428T042929Z,packet_bridge_seeded_context,90CYE03_19_DKS.PZU,0x55AD,0x55E9,8,74,354,loop_hotspot,emulation_observed
packet_bridge_seeded_context_55AD_20260428T042929Z,packet_bridge_seeded_context,90CYE03_19_DKS.PZU,0x55AD,0x55EA,8,75,355,loop_hotspot,emulation_observed
packet_bridge_seeded_context_55AD_20260428T042929Z,packet_bridge_seeded_context,90CYE03_19_DKS.PZU,0x55AD,0x55ED,8,76,356,loop_hotspot,emulation_observed
packet_bridge_seeded_context_55AD_20260428T042929Z,packet_bridge_seeded_context,90CYE03_19_DKS.PZU,0x55AD,0x55EE,8,77,357,loop_hotspot,emulation_observed
packet_bridge_seeded_context_55AD_20260428T042929Z,packet_bridge_seeded_context,90CYE03_19_DKS.PZU,0x55AD,0x55F1,8,78,358,loop_hotspot,emulation_observed
packet_bridge_seeded_context_55AD_20260428T042929Z,packet_bridge_seeded_context,90CYE03_19_DKS.PZU,0x55AD,0x55F2,8,79,359,loop_hotspot,emulation_observed
packet_bridge_seeded_context_55AD_20260428T042929Z,packet_bridge_seeded_context,90CYE03_19_DKS.PZU,0x55AD,0x55F5,8,97,377,loop_hotspot,emulation_observed
packet_bridge_seeded_context_55AD_20260428T042929Z,packet_bridge_seeded_context,90CYE03_19_DKS.PZU,0x55AD,0x55F8,8,98,378,loop_hotspot,emulation_observed
packet_bridge_seeded_context_55AD_20260428T042929Z,packet_bridge_seeded_context,90CYE03_19_DKS.PZU,0x55AD,0x55F9,8,99,379,loop_hotspot,emulation_observed
packet_bridge_seeded_context_55AD_20260428T042929Z,packet_bridge_seeded_context,90CYE03_19_DKS.PZU,0x55AD,0x55FC,8,100,380,loop_hotspot,emulation_observed
packet_bridge_seeded_context_55AD_20260428T042929Z,packet_bridge_seeded_context,90CYE03_19_DKS.PZU,0x55AD,0x55FD,8,101,381,loop_hotspot,emulation_observed
packet_bridge_seeded_context_55AD_20260428T042929Z,packet_bridge_seeded_context,90CYE03_19_DKS.PZU,0x55AD,0x55FE,8,102,382,loop_hotspot,emulation_observed
packet_bridge_seeded_context_55AD_20260428T042929Z,packet_bridge_seeded_context,90CYE03_19_DKS.PZU,0x55AD,0x5601,8,103,383,loop_hotspot,emulation_observed
packet_bridge_seeded_context_55AD_20260428T042929Z,packet_bridge_seeded_context,90CYE03_19_DKS.PZU,0x55AD,0x5602,8,104,384,loop_hotspot,emulation_observed
packet_bridge_seeded_context_55AD_20260428T042929Z,packet_bridge_seeded_context,90CYE03_19_DKS.PZU,0x55AD,0x5605,8,105,385,loop_hotspot,emulation_observed
packet_bridge_seeded_context_55AD_20260428T042929Z,packet_bridge_seeded_context,90CYE03_19_DKS.PZU,0x55AD,0x5606,8,106,386,loop_hotspot,emulation_observed
packet_bridge_seeded_context_55AD_20260428T042929Z,packet_bridge_seeded_context,90CYE03_19_DKS.PZU,0x55AD,0x5607,8,107,387,loop_hotspot,emulation_observed
packet_bridge_seeded_context_55AD_20260428T042929Z,packet_bridge_seeded_context,90CYE03_19_DKS.PZU,0x55AD,0x5608,8,108,388,loop_hotspot,emulation_observed
packet_bridge_seeded_context_55AD_20260428T042929Z,packet_bridge_seeded_context,90CYE03_19_DKS.PZU,0x55AD,0x5609,8,109,389,loop_hotspot,emulation_observed
packet_bridge_seeded_context_55AD_20260428T042929Z,packet_bridge_seeded_context,90CYE03_19_DKS.PZU,0x55AD,0x561A,8,398,482,loop_hotspot,emulation_observed
packet_bridge_seeded_context_55AD_20260428T042929Z,packet_bridge_seeded_context,90CYE03_19_DKS.PZU,0x55AD,0x561D,8,399,483,loop_hotspot,emulation_observed
packet_bridge_seeded_context_55AD_20260428T042929Z,packet_bridge_seeded_context,90CYE03_19_DKS.PZU,0x55AD,0x561E,8,400,484,loop_hotspot,emulation_observed
packet_bridge_seeded_context_55AD_20260428T042929Z,packet_bridge_seeded_context,90CYE03_19_DKS.PZU,0x55AD,0x5621,8,406,490,loop_hotspot,emulation_observed
packet_bridge_seeded_context_55AD_20260428T042929Z,packet_bridge_seeded_context,90CYE03_19_DKS.PZU,0x55AD,0x562E,8,414,491,loop_hotspot,emulation_observed
packet_bridge_seeded_context_55AD_20260428T042929Z,packet_bridge_seeded_context,90CYE03_19_DKS.PZU,0x55AD,0x562F,8,415,492,loop_hotspot,emulation_observed
packet_bridge_seeded_context_55AD_20260428T042929Z,packet_bridge_seeded_context,90CYE03_19_DKS.PZU,0x55AD,0x5644,8,502,530,loop_hotspot,emulation_observed
packet_bridge_seeded_context_55AD_20260428T042929Z,packet_bridge_seeded_context,90CYE03_19_DKS.PZU,0x55AD,0x5645,8,503,531,loop_hotspot,emulation_observed
packet_bridge_seeded_context_55AD_20260428T042929Z,packet_bridge_seeded_context,90CYE03_19_DKS.PZU,0x55AD,0x5647,8,504,532,loop_hotspot,emulation_observed
packet_bridge_seeded_context_55AD_20260428T042929Z,packet_bridge_seeded_context,90CYE03_19_DKS.PZU,0x55AD,0x5648,8,505,533,loop_hotspot,emulation_observed
packet_bridge_seeded_context_55AD_20260428T042929Z,packet_bridge_seeded_context,90CYE03_19_DKS.PZU,0x55AD,0x5655,8,539,658,loop_hotspot,emulation_observed
packet_bridge_seeded_context_55AD_20260428T042929Z,packet_bridge_seeded_context,90CYE03_19_DKS.PZU,0x55AD,0x5658,8,540,659,loop_hotspot,emulation_observed
packet_bridge_seeded_context_55AD_20260428T042929Z,packet_bridge_seeded_context,90CYE03_19_DKS.PZU,0x55AD,0x5659,8,541,660,loop_hotspot,emulation_observed
packet_bridge_seeded_context_55AD_20260428T042929Z,packet_bridge_seeded_context,90CYE03_19_DKS.PZU,0x55AD,0x565C,8,547,666,loop_hotspot,emulation_observed
packet_bridge_seeded_context_55AD_20260428T042929Z,packet_bridge_seeded_context,90CYE03_19_DKS.PZU,0x55AD,0x5669,8,548,674,loop_hotspot,emulation_observed
packet_bridge_seeded_context_55AD_20260428T042929Z,packet_bridge_seeded_context,90CYE03_19_DKS.PZU,0x55AD,0x566A,8,549,675,loop_hotspot,emulation_observed
packet_bridge_seeded_context_55AD_20260428T042929Z,packet_bridge_seeded_context,90CYE03_19_DKS.PZU,0x55AD,0x568F,8,882,1001,loop_hotspot,emulation_observed
packet_bridge_seeded_context_55AD_20260428T042929Z,packet_bridge_seeded_context,90CYE03_19_DKS.PZU,0x55AD,0x5692,8,883,1002,loop_hotspot,emulation_observed
packet_bridge_seeded_context_55AD_20260428T042929Z,packet_bridge_seeded_context,90CYE03_19_DKS.PZU,0x55AD,0x5693,8,884,1003,loop_hotspot,emulation_observed
packet_bridge_seeded_context_55AD_20260428T042929Z,packet_bridge_seeded_context,90CYE03_19_DKS.PZU,0x55AD,0x5696,8,890,1009,loop_hotspot,emulation_observed
packet_bridge_seeded_context_55AD_20260428T042929Z,packet_bridge_seeded_context,90CYE03_19_DKS.PZU,0x55AD,0x56A3,8,891,1017,loop_hotspot,emulation_observed
packet_bridge_seeded_context_55AD_20260428T042929Z,packet_bridge_seeded_context,90CYE03_19_DKS.PZU,0x55AD,0x56A4,8,892,1018,loop_hotspot,emulation_observed
packet_bridge_seeded_context_55AD_20260428T042929Z,packet_bridge_seeded_context,90CYE03_19_DKS.PZU,0x55AD,0x594B,8,80,360,loop_hotspot,emulation_observed
packet_bridge_seeded_context_55AD_20260428T042929Z,packet_bridge_seeded_context,90CYE03_19_DKS.PZU,0x55AD,0x594E,8,92,372,loop_hotspot,emulation_observed
packet_bridge_seeded_context_55AD_20260428T042929Z,packet_bridge_seeded_context,90CYE03_19_DKS.PZU,0x55AD,0x5950,8,93,373,loop_hotspot,emulation_observed
packet_bridge_seeded_context_55AD_20260428T042929Z,packet_bridge_seeded_context,90CYE03_19_DKS.PZU,0x55AD,0x5951,8,94,374,loop_hotspot,emulation_observed
packet_bridge_seeded_context_55AD_20260428T042929Z,packet_bridge_seeded_context,90CYE03_19_DKS.PZU,0x55AD,0x5953,8,95,375,loop_hotspot,emulation_observed
packet_bridge_seeded_context_55AD_20260428T042929Z,packet_bridge_seeded_context,90CYE03_19_DKS.PZU,0x55AD,0x5954,8,96,376,loop_hotspot,emulation_observed
packet_bridge_seeded_context_55AD_20260428T042929Z,packet_bridge_seeded_context,90CYE03_19_DKS.PZU,0x55AD,0x5972,8,81,361,loop_hotspot,emulation_observed
packet_bridge_seeded_context_55AD_20260428T042929Z,packet_bridge_seeded_context,90CYE03_19_DKS.PZU,0x55AD,0x5975,8,82,362,loop_hotspot,emulation_observed
packet_bridge_seeded_context_55AD_20260428T042929Z,packet_bridge_seeded_context,90CYE03_19_DKS.PZU,0x55AD,0x5976,8,83,363,loop_hotspot,emulation_observed
packet_bridge_seeded_context_55AD_20260428T042929Z,packet_bridge_seeded_context,90CYE03_19_DKS.PZU,0x55AD,0x5978,8,84,364,loop_hotspot,emulation_observed
packet_bridge_seeded_context_55AD_20260428T042929Z,packet_bridge_seeded_context,90CYE03_19_DKS.PZU,0x55AD,0x597A,8,85,365,loop_hotspot,emulation_observed
packet_bridge_seeded_context_55AD_20260428T042929Z,packet_bridge_seeded_context,90CYE03_19_DKS.PZU,0x55AD,0x597B,8,86,366,loop_hotspot,emulation_observed
packet_bridge_seeded_context_55AD_20260428T042929Z,packet_bridge_seeded_context,90CYE03_19_DKS.PZU,0x55AD,0x597D,8,87,367,loop_hotspot,emulation_observed
packet_bridge_seeded_context_55AD_20260428T042929Z,packet_bridge_seeded_context,90CYE03_19_DKS.PZU,0x55AD,0x597F,8,88,368,loop_hotspot,emulation_observed
packet_bridge_seeded_context_55AD_20260428T042929Z,packet_bridge_seeded_context,90CYE03_19_DKS.PZU,0x55AD,0x5981,8,89,369,loop_hotspot,emulation_observed
packet_bridge_seeded_context_55AD_20260428T042929Z,packet_bridge_seeded_context,90CYE03_19_DKS.PZU,0x55AD,0x5982,8,90,370,movc_pc_relative_table_loop_candidate,emulation_observed;movc_pc_relative_region
packet_bridge_seeded_context_55AD_20260428T042929Z,packet_bridge_seeded_context,90CYE03_19_DKS.PZU,0x55AD,0x5983,8,91,371,loop_hotspot,emulation_observed
packet_bridge_seeded_context_55AD_20260428T042929Z,packet_bridge_seeded_context,90CYE03_19_DKS.PZU,0x55AD,0x55A8,7,6,54,loop_hotspot,emulation_observed
packet_bridge_seeded_context_55AD_20260428T042929Z,packet_bridge_seeded_context,90CYE03_19_DKS.PZU,0x55AD,0x55AB,7,7,55,loop_hotspot,emulation_observed
packet_bridge_seeded_context_55AD_20260428T042929Z,packet_bridge_seeded_context,90CYE03_19_DKS.PZU,0x55AD,0x55AC,7,8,56,loop_hotspot,emulation_observed
packet_bridge_seeded_context_55AD_20260428T042929Z,packet_bridge_seeded_context,90CYE03_19_DKS.PZU,0x55AD,0x565E,7,559,667,loop_hotspot,emulation_observed
packet_bridge_seeded_context_55AD_20260428T042929Z,packet_bridge_seeded_context,90CYE03_19_DKS.PZU,0x55AD,0x565F,7,560,668,loop_hotspot,emulation_observed
packet_bridge_seeded_context_55AD_20260428T042929Z,packet_bridge_seeded_context,90CYE03_19_DKS.PZU,0x55AD,0x5662,7,561,669,loop_hotspot,emulation_observed
packet_bridge_seeded_context_55AD_20260428T042929Z,packet_bridge_seeded_context,90CYE03_19_DKS.PZU,0x55AD,0x5663,7,562,670,loop_hotspot,emulation_observed
packet_bridge_seeded_context_55AD_20260428T042929Z,packet_bridge_seeded_context,90CYE03_19_DKS.PZU,0x55AD,0x5666,7,563,671,loop_hotspot,emulation_observed
packet_bridge_seeded_context_55AD_20260428T042929Z,packet_bridge_seeded_context,90CYE03_19_DKS.PZU,0x55AD,0x5667,7,564,672,loop_hotspot,emulation_observed
packet_bridge_seeded_context_55AD_20260428T042929Z,packet_bridge_seeded_context,90CYE03_19_DKS.PZU,0x55AD,0x5668,7,565,673,loop_hotspot,emulation_observed
packet_bridge_seeded_context_55AD_20260428T042929Z,packet_bridge_seeded_context,90CYE03_19_DKS.PZU,0x55AD,0x5698,7,902,1010,loop_hotspot,emulation_observed
packet_bridge_seeded_context_55AD_20260428T042929Z,packet_bridge_seeded_context,90CYE03_19_DKS.PZU,0x55AD,0x5699,7,903,1011,loop_hotspot,emulation_observed
packet_bridge_seeded_context_55AD_20260428T042929Z,packet_bridge_seeded_context,90CYE03_19_DKS.PZU,0x55AD,0x569C,7,904,1012,loop_hotspot,emulation_observed
packet_bridge_seeded_context_55AD_20260428T042929Z,packet_bridge_seeded_context,90CYE03_19_DKS.PZU,0x55AD,0x569D,7,905,1013,loop_hotspot,emulation_observed
packet_bridge_seeded_context_55AD_20260428T042929Z,packet_bridge_seeded_context,90CYE03_19_DKS.PZU,0x55AD,0x56A0,7,906,1014,loop_hotspot,emulation_observed
packet_bridge_seeded_context_55AD_20260428T042929Z,packet_bridge_seeded_context,90CYE03_19_DKS.PZU,0x55AD,0x56A1,7,907,1015,loop_hotspot,emulation_observed
packet_bridge_seeded_context_55AD_20260428T042929Z,packet_bridge_seeded_context,90CYE03_19_DKS.PZU,0x55AD,0x56A2,7,908,1016,loop_hotspot,emulation_observed
packet_bridge_seeded_context_55AD_20260428T042929Z,packet_bridge_seeded_context,90CYE03_19_DKS.PZU,0x55AD,0x55D3,1,62,62,loop_hotspot,emulation_observed
packet_bridge_seeded_context_55AD_20260428T042929Z,packet_bridge_seeded_context,90CYE03_19_DKS.PZU,0x55AD,0x55D4,1,63,63,loop_hotspot,emulation_observed
packet_bridge_seeded_context_55AD_20260428T042929Z,packet_bridge_seeded_context,90CYE03_19_DKS.PZU,0x55AD,0x55D7,1,64,64,loop_hotspot,emulation_observed
packet_bridge_seeded_context_55AD_20260428T042929Z,packet_bridge_seeded_context,90CYE03_19_DKS.PZU,0x55AD,0x55D8,1,65,65,loop_hotspot,emulation_observed
packet_bridge_seeded_context_55AD_20260428T042929Z,packet_bridge_seeded_context,90CYE03_19_DKS.PZU,0x55AD,0x55D9,1,66,66,loop_hotspot,emulation_observed
packet_bridge_seeded_context_55AD_20260428T042929Z,packet_bridge_seeded_context,90CYE03_19_DKS.PZU,0x55AD,0x55DC,1,67,67,loop_hotspot,emulation_observed
packet_bridge_seeded_context_55AD_20260428T042929Z,packet_bridge_seeded_context,90CYE03_19_DKS.PZU,0x55AD,0x55DD,1,68,68,loop_hotspot,emulation_observed
packet_bridge_seeded_context_55AD_20260428T042929Z,packet_bridge_seeded_context,90CYE03_19_DKS.PZU,0x55AD,0x55DF,1,69,69,loop_hotspot,emulation_observed
packet_bridge_seeded_context_55AD_20260428T042929Z,packet_bridge_seeded_context,90CYE03_19_DKS.PZU,0x55AD,0x560C,1,390,390,loop_hotspot,emulation_observed
packet_bridge_seeded_context_55AD_20260428T042929Z,packet_bridge_seeded_context,90CYE03_19_DKS.PZU,0x55AD,0x560D,1,391,391,loop_hotspot,emulation_observed
packet_bridge_seeded_context_55AD_20260428T042929Z,packet_bridge_seeded_context,90CYE03_19_DKS.PZU,0x55AD,0x5610,1,392,392,loop_hotspot,emulation_observed
packet_bridge_seeded_context_55AD_20260428T042929Z,packet_bridge_seeded_context,90CYE03_19_DKS.PZU,0x55AD,0x5611,1,393,393,loop_hotspot,emulation_observed
packet_bridge_seeded_context_55AD_20260428T042929Z,packet_bridge_seeded_context,90CYE03_19_DKS.PZU,0x55AD,0x5612,1,394,394,loop_hotspot,emulation_observed
packet_bridge_seeded_context_55AD_20260428T042929Z,packet_bridge_seeded_context,90CYE03_19_DKS.PZU,0x55AD,0x5615,1,395,395,loop_hotspot,emulation_observed
packet_bridge_seeded_context_55AD_20260428T042929Z,packet_bridge_seeded_context,90CYE03_19_DKS.PZU,0x55AD,0x5616,1,396,396,loop_hotspot,emulation_observed
packet_bridge_seeded_context_55AD_20260428T042929Z,packet_bridge_seeded_context,90CYE03_19_DKS.PZU,0x55AD,0x5618,1,397,397,loop_hotspot,emulation_observed
packet_bridge_seeded_context_55AD_20260428T042929Z,packet_bridge_seeded_context,90CYE03_19_DKS.PZU,0x55AD,0x5623,1,407,407,loop_hotspot,emulation_observed
packet_bridge_seeded_context_55AD_20260428T042929Z,packet_bridge_seeded_context,90CYE03_19_DKS.PZU,0x55AD,0x5624,1,408,408,loop_hotspot,emulation_observed
packet_bridge_seeded_context_55AD_20260428T042929Z,packet_bridge_seeded_context,90CYE03_19_DKS.PZU,0x55AD,0x5627,1,409,409,loop_hotspot,emulation_observed
packet_bridge_seeded_context_55AD_20260428T042929Z,packet_bridge_seeded_context,90CYE03_19_DKS.PZU,0x55AD,0x5628,1,410,410,loop_hotspot,emulation_observed
packet_bridge_seeded_context_55AD_20260428T042929Z,packet_bridge_seeded_context,90CYE03_19_DKS.PZU,0x55AD,0x562B,1,411,411,loop_hotspot,emulation_observed
packet_bridge_seeded_context_55AD_20260428T042929Z,packet_bridge_seeded_context,90CYE03_19_DKS.PZU,0x55AD,0x562C,1,412,412,loop_hotspot,emulation_observed
packet_bridge_seeded_context_55AD_20260428T042929Z,packet_bridge_seeded_context,90CYE03_19_DKS.PZU,0x55AD,0x562D,1,413,413,loop_hotspot,emulation_observed
packet_bridge_seeded_context_55AD_20260428T042929Z,packet_bridge_seeded_context,90CYE03_19_DKS.PZU,0x55AD,0x5632,1,493,493,loop_hotspot,emulation_observed
packet_bridge_seeded_context_55AD_20260428T042929Z,packet_bridge_seeded_context,90CYE03_19_DKS.PZU,0x55AD,0x5633,1,494,494,loop_hotspot,emulation_observed
packet_bridge_seeded_context_55AD_20260428T042929Z,packet_bridge_seeded_context,90CYE03_19_DKS.PZU,0x55AD,0x5636,1,495,495,loop_hotspot,emulation_observed
packet_bridge_seeded_context_55AD_20260428T042929Z,packet_bridge_seeded_context,90CYE03_19_DKS.PZU,0x55AD,0x5637,1,496,496,loop_hotspot,emulation_observed
packet_bridge_seeded_context_55AD_20260428T042929Z,packet_bridge_seeded_context,90CYE03_19_DKS.PZU,0x55AD,0x5638,1,497,497,loop_hotspot,emulation_observed
packet_bridge_seeded_context_55AD_20260428T042929Z,packet_bridge_seeded_context,90CYE03_19_DKS.PZU,0x55AD,0x563B,1,498,498,loop_hotspot,emulation_observed
packet_bridge_seeded_context_55AD_20260428T042929Z,packet_bridge_seeded_context,90CYE03_19_DKS.PZU,0x55AD,0x563C,1,499,499,loop_hotspot,emulation_observed
packet_bridge_seeded_context_55AD_20260428T042929Z,packet_bridge_seeded_context,90CYE03_19_DKS.PZU,0x55AD,0x563E,1,500,500,loop_hotspot,emulation_observed
packet_bridge_seeded_context_55AD_20260428T042929Z,packet_bridge_seeded_context,90CYE03_19_DKS.PZU,0x55AD,0x5641,1,501,501,loop_hotspot,emulation_observed
packet_bridge_seeded_context_55AD_20260428T042929Z,packet_bridge_seeded_context,90CYE03_19_DKS.PZU,0x55AD,0x564B,1,534,534,loop_hotspot,emulation_observed
packet_bridge_seeded_context_55AD_20260428T042929Z,packet_bridge_seeded_context,90CYE03_19_DKS.PZU,0x55AD,0x564D,1,535,535,loop_hotspot,emulation_observed
packet_bridge_seeded_context_55AD_20260428T042929Z,packet_bridge_seeded_context,90CYE03_19_DKS.PZU,0x55AD,0x5650,1,536,536,loop_hotspot,emulation_observed
packet_bridge_seeded_context_55AD_20260428T042929Z,packet_bridge_seeded_context,90CYE03_19_DKS.PZU,0x55AD,0x5651,1,537,537,loop_hotspot,emulation_observed
packet_bridge_seeded_context_55AD_20260428T042929Z,packet_bridge_seeded_context,90CYE03_19_DKS.PZU,0x55AD,0x5653,1,538,538,loop_hotspot,emulation_observed
packet_bridge_seeded_context_55AD_20260428T042929Z,packet_bridge_seeded_context,90CYE03_19_DKS.PZU,0x55AD,0x566D,1,676,676,loop_hotspot,emulation_observed
packet_bridge_seeded_context_55AD_20260428T042929Z,packet_bridge_seeded_context,90CYE03_19_DKS.PZU,0x55AD,0x566E,1,677,677,loop_hotspot,emulation_observed
packet_bridge_seeded_context_55AD_20260428T042929Z,packet_bridge_seeded_context,90CYE03_19_DKS.PZU,0x55AD,0x5671,1,678,678,loop_hotspot,emulation_observed
packet_bridge_seeded_context_55AD_20260428T042929Z,packet_bridge_seeded_context,90CYE03_19_DKS.PZU,0x55AD,0x5672,1,679,679,loop_hotspot,emulation_observed
packet_bridge_seeded_context_55AD_20260428T042929Z,packet_bridge_seeded_context,90CYE03_19_DKS.PZU,0x55AD,0x5673,1,680,680,loop_hotspot,emulation_observed
packet_bridge_seeded_context_55AD_20260428T042929Z,packet_bridge_seeded_context,90CYE03_19_DKS.PZU,0x55AD,0x5676,1,681,681,loop_hotspot,emulation_observed
packet_bridge_seeded_context_55AD_20260428T042929Z,packet_bridge_seeded_context,90CYE03_19_DKS.PZU,0x55AD,0x5677,1,682,682,loop_hotspot,emulation_observed
packet_bridge_seeded_context_55AD_20260428T042929Z,packet_bridge_seeded_context,90CYE03_19_DKS.PZU,0x55AD,0x567A,1,683,683,loop_hotspot,emulation_observed
packet_bridge_seeded_context_55AD_20260428T042929Z,packet_bridge_seeded_context,90CYE03_19_DKS.PZU,0x55AD,0x567D,1,684,684,loop_hotspot,emulation_observed
packet_bridge_seeded_context_55AD_20260428T042929Z,packet_bridge_seeded_context,90CYE03_19_DKS.PZU,0x55AD,0x5685,1,877,877,loop_hotspot,emulation_observed
packet_bridge_seeded_context_55AD_20260428T042929Z,packet_bridge_seeded_context,90CYE03_19_DKS.PZU,0x55AD,0x5688,1,878,878,loop_hotspot,emulation_observed
packet_bridge_seeded_context_55AD_20260428T042929Z,packet_bridge_seeded_context,90CYE03_19_DKS.PZU,0x55AD,0x568A,1,879,879,loop_hotspot,emulation_observed
packet_bridge_seeded_context_55AD_20260428T042929Z,packet_bridge_seeded_context,90CYE03_19_DKS.PZU,0x55AD,0x568B,1,880,880,loop_hotspot,emulation_observed
packet_bridge_seeded_context_55AD_20260428T042929Z,packet_bridge_seeded_context,90CYE03_19_DKS.PZU,0x55AD,0x568D,1,881,881,loop_hotspot,emulation_observed
packet_bridge_seeded_context_55AD_20260428T042929Z,packet_bridge_seeded_context,90CYE03_19_DKS.PZU,0x55AD,0x56A7,1,1019,1019,loop_hotspot,emulation_observed
packet_bridge_seeded_context_55AD_20260428T042929Z,packet_bridge_seeded_context,90CYE03_19_DKS.PZU,0x55AD,0x56A8,1,1020,1020,loop_hotspot,emulation_observed
packet_bridge_seeded_context_55AD_20260428T042929Z,packet_bridge_seeded_context,90CYE03_19_DKS.PZU,0x55AD,0x56AB,1,1021,1021,loop_hotspot,emulation_observed
packet_bridge_seeded_context_55AD_20260428T042929Z,packet_bridge_seeded_context,90CYE03_19_DKS.PZU,0x55AD,0x56AC,1,1022,1022,loop_hotspot,emulation_observed
packet_bridge_seeded_context_55AD_20260428T042929Z,packet_bridge_seeded_context,90CYE03_19_DKS.PZU,0x55AD,0x56AD,1,1023,1023,loop_hotspot,emulation_observed
packet_bridge_seeded_context_55AD_20260428T042929Z,packet_bridge_seeded_context,90CYE03_19_DKS.PZU,0x55AD,0x56B0,1,1024,1024,loop_hotspot,emulation_observed
packet_bridge_seeded_context_55AD_20260428T042929Z,packet_bridge_seeded_context,90CYE03_19_DKS.PZU,0x55AD,0x56B1,1,1025,1025,loop_hotspot,emulation_observed
packet_bridge_seeded_context_55AD_20260428T042929Z,packet_bridge_seeded_context,90CYE03_19_DKS.PZU,0x55AD,0x56B2,1,1026,1026,loop_hotspot,emulation_observed
packet_bridge_seeded_context_55AD_20260428T042929Z,packet_bridge_seeded_context,90CYE03_19_DKS.PZU,0x55AD,0x56B5,1,1027,1027,loop_hotspot,emulation_observed
packet_bridge_seeded_context_55AD_20260428T042929Z,packet_bridge_seeded_context,90CYE03_19_DKS.PZU,0x55AD,0x56B6,1,1028,1028,loop_hotspot,emulation_observed
packet_bridge_seeded_context_55AD_20260428T042929Z,packet_bridge_seeded_context,90CYE03_19_DKS.PZU,0x55AD,0x56B7,1,1029,1029,loop_hotspot,emulation_observed
packet_bridge_seeded_context_55AD_20260428T042929Z,packet_bridge_seeded_context,90CYE03_19_DKS.PZU,0x55AD,0x56BA,1,1030,1030,loop_hotspot,emulation_observed
packet_bridge_seeded_context_55AD_20260428T042929Z,packet_bridge_seeded_context,90CYE03_19_DKS.PZU,0x55AD,0x56BB,1,1031,1031,loop_hotspot,emulation_observed
packet_bridge_seeded_context_55AD_20260428T042929Z,packet_bridge_seeded_context,90CYE03_19_DKS.PZU,0x55AD,0x56BC,1,1032,1032,loop_hotspot,emulation_observed
packet_bridge_seeded_context_55AD_20260428T042929Z,packet_bridge_seeded_context,90CYE03_19_DKS.PZU,0x55AD,0x56BF,1,1033,1033,loop_hotspot,emulation_observed
packet_bridge_seeded_context_55AD_20260428T042929Z,packet_bridge_seeded_context,90CYE03_19_DKS.PZU,0x55AD,0x56C0,1,1034,1034,loop_hotspot,emulation_observed
packet_bridge_seeded_context_55AD_20260428T042929Z,packet_bridge_seeded_context,90CYE03_19_DKS.PZU,0x55AD,0x56C1,1,1035,1035,loop_hotspot,emulation_observed
packet_bridge_seeded_context_55AD_20260428T042929Z,packet_bridge_seeded_context,90CYE03_19_DKS.PZU,0x55AD,0x56C4,1,1036,1036,loop_hotspot,emulation_observed
packet_bridge_seeded_context_55AD_20260428T042929Z,packet_bridge_seeded_context,90CYE03_19_DKS.PZU,0x55AD,0x56C5,1,1037,1037,loop_hotspot,emulation_observed
packet_bridge_seeded_context_55AD_20260428T042929Z,packet_bridge_seeded_context,90CYE03_19_DKS.PZU,0x55AD,0x56C6,1,1038,1038,loop_hotspot,emulation_observed
packet_bridge_seeded_context_55AD_20260428T042929Z,packet_bridge_seeded_context,90CYE03_19_DKS.PZU,0x55AD,0x56C9,1,1039,1039,loop_hotspot,emulation_observed
packet_bridge_seeded_context_55AD_20260428T042929Z,packet_bridge_seeded_context,90CYE03_19_DKS.PZU,0x55AD,0x56CA,1,1040,1040,loop_hotspot,emulation_observed
packet_bridge_seeded_context_55AD_20260428T042929Z,packet_bridge_seeded_context,90CYE03_19_DKS.PZU,0x55AD,0x56CB,1,1041,1041,loop_hotspot,emulation_observed
packet_bridge_seeded_context_55AD_20260428T042929Z,packet_bridge_seeded_context,90CYE03_19_DKS.PZU,0x55AD,0x56CE,1,1042,1042,loop_hotspot,emulation_observed
packet_bridge_seeded_context_55AD_20260428T042929Z,packet_bridge_seeded_context,90CYE03_19_DKS.PZU,0x55AD,0x56CF,1,1043,1043,loop_hotspot,emulation_observed
packet_bridge_seeded_context_55AD_20260428T042929Z,packet_bridge_seeded_context,90CYE03_19_DKS.PZU,0x55AD,0x56D0,1,1044,1044,loop_hotspot,emulation_observed
packet_bridge_seeded_context_55AD_20260428T042929Z,packet_bridge_seeded_context,90CYE03_19_DKS.PZU,0x55AD,0x56D3,1,1045,1045,loop_hotspot,emulation_observed
packet_bridge_seeded_context_55AD_20260428T042929Z,packet_bridge_seeded_context,90CYE03_19_DKS.PZU,0x55AD,0x56D4,1,1046,1046,loop_hotspot,emulation_observed
packet_bridge_seeded_context_55AD_20260428T042929Z,packet_bridge_seeded_context,90CYE03_19_DKS.PZU,0x55AD,0x5AA3,1,1057,1057,loop_hotspot,emulation_observed
packet_bridge_seeded_context_55AD_20260428T042929Z,packet_bridge_seeded_context,90CYE03_19_DKS.PZU,0x55AD,0x5AA6,1,1058,1058,loop_hotspot,emulation_observed
packet_bridge_seeded_context_55AD_20260428T042929Z,packet_bridge_seeded_context,90CYE03_19_DKS.PZU,0x55AD,0x673C,1,1047,1047,loop_hotspot,emulation_observed
packet_bridge_seeded_context_55AD_20260428T042929Z,packet_bridge_seeded_context,90CYE03_19_DKS.PZU,0x55AD,0x673E,1,1048,1048,loop_hotspot,emulation_observed
packet_bridge_seeded_context_55AD_20260428T042929Z,packet_bridge_seeded_context,90CYE03_19_DKS.PZU,0x55AD,0x673F,1,1049,1049,loop_hotspot,emulation_observed
packet_bridge_seeded_context_55AD_20260428T042929Z,packet_bridge_seeded_context,90CYE03_19_DKS.PZU,0x55AD,0x6742,1,1054,1054,loop_hotspot,emulation_observed
packet_bridge_seeded_context_55AD_20260428T042929Z,packet_bridge_seeded_context,90CYE03_19_DKS.PZU,0x55AD,0x6744,1,1055,1055,loop_hotspot,emulation_observed
packet_bridge_seeded_context_55AD_20260428T042929Z,packet_bridge_seeded_context,90CYE03_19_DKS.PZU,0x55AD,0x6745,1,1056,1056,loop_hotspot,emulation_observed
packet_bridge_seeded_context_55AD_20260428T042929Z,packet_bridge_seeded_context,90CYE03_19_DKS.PZU,0x55AD,0x848E,1,1050,1050,loop_hotspot,emulation_observed
packet_bridge_seeded_context_55AD_20260428T042929Z,packet_bridge_seeded_context,90CYE03_19_DKS.PZU,0x55AD,0x8491,1,1051,1051,loop_hotspot,emulation_observed
packet_bridge_seeded_context_55AD_20260428T042929Z,packet_bridge_seeded_context,90CYE03_19_DKS.PZU,0x55AD,0x8494,1,1052,1052,loop_hotspot,emulation_observed
packet_bridge_seeded_context_55AD_20260428T042929Z,packet_bridge_seeded_context,90CYE03_19_DKS.PZU,0x55AD,0x8495,1,1053,1053,loop_hotspot,emulation_observed
packet_bridge_seeded_context_5602_20260428T042930Z,packet_bridge_seeded_context,90CYE03_19_DKS.PZU,0x5602,0x567F,48,582,770,loop_hotspot,emulation_observed
packet_bridge_seeded_context_5602_20260428T042930Z,packet_bridge_seeded_context,90CYE03_19_DKS.PZU,0x5602,0x5680,48,583,771,loop_hotspot,emulation_observed
packet_bridge_seeded_context_5602_20260428T042930Z,packet_bridge_seeded_context,90CYE03_19_DKS.PZU,0x5602,0x5682,48,584,772,loop_hotspot,emulation_observed
packet_bridge_seeded_context_5602_20260428T042930Z,packet_bridge_seeded_context,90CYE03_19_DKS.PZU,0x5602,0x5683,48,585,773,loop_hotspot,emulation_observed
packet_bridge_seeded_context_5602_20260428T042930Z,packet_bridge_seeded_context,90CYE03_19_DKS.PZU,0x5602,0x5935,24,298,901,loop_hotspot,emulation_observed
packet_bridge_seeded_context_5602_20260428T042930Z,packet_bridge_seeded_context,90CYE03_19_DKS.PZU,0x5602,0x5938,24,299,902,loop_hotspot,emulation_observed
packet_bridge_seeded_context_5602_20260428T042930Z,packet_bridge_seeded_context,90CYE03_19_DKS.PZU,0x5602,0x593A,24,300,903,loop_hotspot,emulation_observed
packet_bridge_seeded_context_5602_20260428T042930Z,packet_bridge_seeded_context,90CYE03_19_DKS.PZU,0x5602,0x593B,24,301,904,loop_hotspot,emulation_observed
packet_bridge_seeded_context_5602_20260428T042930Z,packet_bridge_seeded_context,90CYE03_19_DKS.PZU,0x5602,0x593D,24,302,905,loop_hotspot,emulation_observed
packet_bridge_seeded_context_5602_20260428T042930Z,packet_bridge_seeded_context,90CYE03_19_DKS.PZU,0x5602,0x5602,8,1,281,loop_hotspot,emulation_observed
packet_bridge_seeded_context_5602_20260428T042930Z,packet_bridge_seeded_context,90CYE03_19_DKS.PZU,0x5602,0x5605,8,2,282,loop_hotspot,emulation_observed
packet_bridge_seeded_context_5602_20260428T042930Z,packet_bridge_seeded_context,90CYE03_19_DKS.PZU,0x5602,0x5606,8,3,283,loop_hotspot,emulation_observed
packet_bridge_seeded_context_5602_20260428T042930Z,packet_bridge_seeded_context,90CYE03_19_DKS.PZU,0x5602,0x5607,8,4,284,loop_hotspot,emulation_observed
packet_bridge_seeded_context_5602_20260428T042930Z,packet_bridge_seeded_context,90CYE03_19_DKS.PZU,0x5602,0x5608,8,5,285,loop_hotspot,emulation_observed
packet_bridge_seeded_context_5602_20260428T042930Z,packet_bridge_seeded_context,90CYE03_19_DKS.PZU,0x5602,0x5609,8,6,286,loop_hotspot,emulation_observed
packet_bridge_seeded_context_5602_20260428T042930Z,packet_bridge_seeded_context,90CYE03_19_DKS.PZU,0x5602,0x561A,8,295,379,loop_hotspot,emulation_observed
packet_bridge_seeded_context_5602_20260428T042930Z,packet_bridge_seeded_context,90CYE03_19_DKS.PZU,0x5602,0x561D,8,296,380,loop_hotspot,emulation_observed
packet_bridge_seeded_context_5602_20260428T042930Z,packet_bridge_seeded_context,90CYE03_19_DKS.PZU,0x5602,0x561E,8,297,381,loop_hotspot,emulation_observed
packet_bridge_seeded_context_5602_20260428T042930Z,packet_bridge_seeded_context,90CYE03_19_DKS.PZU,0x5602,0x5621,8,303,387,loop_hotspot,emulation_observed
packet_bridge_seeded_context_5602_20260428T042930Z,packet_bridge_seeded_context,90CYE03_19_DKS.PZU,0x5602,0x562E,8,311,388,loop_hotspot,emulation_observed
packet_bridge_seeded_context_5602_20260428T042930Z,packet_bridge_seeded_context,90CYE03_19_DKS.PZU,0x5602,0x562F,8,312,389,loop_hotspot,emulation_observed
packet_bridge_seeded_context_5602_20260428T042930Z,packet_bridge_seeded_context,90CYE03_19_DKS.PZU,0x5602,0x5644,8,399,427,loop_hotspot,emulation_observed
packet_bridge_seeded_context_5602_20260428T042930Z,packet_bridge_seeded_context,90CYE03_19_DKS.PZU,0x5602,0x5645,8,400,428,loop_hotspot,emulation_observed
packet_bridge_seeded_context_5602_20260428T042930Z,packet_bridge_seeded_context,90CYE03_19_DKS.PZU,0x5602,0x5647,8,401,429,loop_hotspot,emulation_observed
packet_bridge_seeded_context_5602_20260428T042930Z,packet_bridge_seeded_context,90CYE03_19_DKS.PZU,0x5602,0x5648,8,402,430,loop_hotspot,emulation_observed
packet_bridge_seeded_context_5602_20260428T042930Z,packet_bridge_seeded_context,90CYE03_19_DKS.PZU,0x5602,0x5655,8,436,555,loop_hotspot,emulation_observed
packet_bridge_seeded_context_5602_20260428T042930Z,packet_bridge_seeded_context,90CYE03_19_DKS.PZU,0x5602,0x5658,8,437,556,loop_hotspot,emulation_observed
packet_bridge_seeded_context_5602_20260428T042930Z,packet_bridge_seeded_context,90CYE03_19_DKS.PZU,0x5602,0x5659,8,438,557,loop_hotspot,emulation_observed
packet_bridge_seeded_context_5602_20260428T042930Z,packet_bridge_seeded_context,90CYE03_19_DKS.PZU,0x5602,0x565C,8,444,563,loop_hotspot,emulation_observed
packet_bridge_seeded_context_5602_20260428T042930Z,packet_bridge_seeded_context,90CYE03_19_DKS.PZU,0x5602,0x5669,8,445,571,loop_hotspot,emulation_observed
packet_bridge_seeded_context_5602_20260428T042930Z,packet_bridge_seeded_context,90CYE03_19_DKS.PZU,0x5602,0x566A,8,446,572,loop_hotspot,emulation_observed
packet_bridge_seeded_context_5602_20260428T042930Z,packet_bridge_seeded_context,90CYE03_19_DKS.PZU,0x5602,0x568F,8,779,898,loop_hotspot,emulation_observed
packet_bridge_seeded_context_5602_20260428T042930Z,packet_bridge_seeded_context,90CYE03_19_DKS.PZU,0x5602,0x5692,8,780,899,loop_hotspot,emulation_observed
packet_bridge_seeded_context_5602_20260428T042930Z,packet_bridge_seeded_context,90CYE03_19_DKS.PZU,0x5602,0x5693,8,781,900,loop_hotspot,emulation_observed
packet_bridge_seeded_context_5602_20260428T042930Z,packet_bridge_seeded_context,90CYE03_19_DKS.PZU,0x5602,0x5696,8,787,906,loop_hotspot,emulation_observed
packet_bridge_seeded_context_5602_20260428T042930Z,packet_bridge_seeded_context,90CYE03_19_DKS.PZU,0x5602,0x56A3,8,788,914,loop_hotspot,emulation_observed
packet_bridge_seeded_context_5602_20260428T042930Z,packet_bridge_seeded_context,90CYE03_19_DKS.PZU,0x5602,0x56A4,8,789,915,loop_hotspot,emulation_observed
packet_bridge_seeded_context_5602_20260428T042930Z,packet_bridge_seeded_context,90CYE03_19_DKS.PZU,0x5602,0x55E1,7,7,247,loop_hotspot,emulation_observed
packet_bridge_seeded_context_5602_20260428T042930Z,packet_bridge_seeded_context,90CYE03_19_DKS.PZU,0x5602,0x55E4,7,8,248,loop_hotspot,emulation_observed
packet_bridge_seeded_context_5602_20260428T042930Z,packet_bridge_seeded_context,90CYE03_19_DKS.PZU,0x5602,0x55E5,7,9,249,loop_hotspot,emulation_observed
packet_bridge_seeded_context_5602_20260428T042930Z,packet_bridge_seeded_context,90CYE03_19_DKS.PZU,0x5602,0x55E6,7,10,250,loop_hotspot,emulation_observed
packet_bridge_seeded_context_5602_20260428T042930Z,packet_bridge_seeded_context,90CYE03_19_DKS.PZU,0x5602,0x55E9,7,11,251,loop_hotspot,emulation_observed
packet_bridge_seeded_context_5602_20260428T042930Z,packet_bridge_seeded_context,90CYE03_19_DKS.PZU,0x5602,0x55EA,7,12,252,loop_hotspot,emulation_observed
packet_bridge_seeded_context_5602_20260428T042930Z,packet_bridge_seeded_context,90CYE03_19_DKS.PZU,0x5602,0x55ED,7,13,253,loop_hotspot,emulation_observed
packet_bridge_seeded_context_5602_20260428T042930Z,packet_bridge_seeded_context,90CYE03_19_DKS.PZU,0x5602,0x55EE,7,14,254,loop_hotspot,emulation_observed
packet_bridge_seeded_context_5602_20260428T042930Z,packet_bridge_seeded_context,90CYE03_19_DKS.PZU,0x5602,0x55F1,7,15,255,loop_hotspot,emulation_observed
packet_bridge_seeded_context_5602_20260428T042930Z,packet_bridge_seeded_context,90CYE03_19_DKS.PZU,0x5602,0x55F2,7,16,256,loop_hotspot,emulation_observed
packet_bridge_seeded_context_5602_20260428T042930Z,packet_bridge_seeded_context,90CYE03_19_DKS.PZU,0x5602,0x55F5,7,34,274,loop_hotspot,emulation_observed
packet_bridge_seeded_context_5602_20260428T042930Z,packet_bridge_seeded_context,90CYE03_19_DKS.PZU,0x5602,0x55F8,7,35,275,loop_hotspot,emulation_observed
packet_bridge_seeded_context_5602_20260428T042930Z,packet_bridge_seeded_context,90CYE03_19_DKS.PZU,0x5602,0x55F9,7,36,276,loop_hotspot,emulation_observed
packet_bridge_seeded_context_5602_20260428T042930Z,packet_bridge_seeded_context,90CYE03_19_DKS.PZU,0x5602,0x55FC,7,37,277,loop_hotspot,emulation_observed
packet_bridge_seeded_context_5602_20260428T042930Z,packet_bridge_seeded_context,90CYE03_19_DKS.PZU,0x5602,0x55FD,7,38,278,loop_hotspot,emulation_observed
packet_bridge_seeded_context_5602_20260428T042930Z,packet_bridge_seeded_context,90CYE03_19_DKS.PZU,0x5602,0x55FE,7,39,279,loop_hotspot,emulation_observed
packet_bridge_seeded_context_5602_20260428T042930Z,packet_bridge_seeded_context,90CYE03_19_DKS.PZU,0x5602,0x5601,7,40,280,loop_hotspot,emulation_observed
packet_bridge_seeded_context_5602_20260428T042930Z,packet_bridge_seeded_context,90CYE03_19_DKS.PZU,0x5602,0x565E,7,456,564,loop_hotspot,emulation_observed
packet_bridge_seeded_context_5602_20260428T042930Z,packet_bridge_seeded_context,90CYE03_19_DKS.PZU,0x5602,0x565F,7,457,565,loop_hotspot,emulation_observed
packet_bridge_seeded_context_5602_20260428T042930Z,packet_bridge_seeded_context,90CYE03_19_DKS.PZU,0x5602,0x5662,7,458,566,loop_hotspot,emulation_observed
packet_bridge_seeded_context_5602_20260428T042930Z,packet_bridge_seeded_context,90CYE03_19_DKS.PZU,0x5602,0x5663,7,459,567,loop_hotspot,emulation_observed
packet_bridge_seeded_context_5602_20260428T042930Z,packet_bridge_seeded_context,90CYE03_19_DKS.PZU,0x5602,0x5666,7,460,568,loop_hotspot,emulation_observed
packet_bridge_seeded_context_5602_20260428T042930Z,packet_bridge_seeded_context,90CYE03_19_DKS.PZU,0x5602,0x5667,7,461,569,loop_hotspot,emulation_observed
packet_bridge_seeded_context_5602_20260428T042930Z,packet_bridge_seeded_context,90CYE03_19_DKS.PZU,0x5602,0x5668,7,462,570,loop_hotspot,emulation_observed
packet_bridge_seeded_context_5602_20260428T042930Z,packet_bridge_seeded_context,90CYE03_19_DKS.PZU,0x5602,0x5698,7,799,907,loop_hotspot,emulation_observed
packet_bridge_seeded_context_5602_20260428T042930Z,packet_bridge_seeded_context,90CYE03_19_DKS.PZU,0x5602,0x5699,7,800,908,loop_hotspot,emulation_observed
packet_bridge_seeded_context_5602_20260428T042930Z,packet_bridge_seeded_context,90CYE03_19_DKS.PZU,0x5602,0x569C,7,801,909,loop_hotspot,emulation_observed
packet_bridge_seeded_context_5602_20260428T042930Z,packet_bridge_seeded_context,90CYE03_19_DKS.PZU,0x5602,0x569D,7,802,910,loop_hotspot,emulation_observed
packet_bridge_seeded_context_5602_20260428T042930Z,packet_bridge_seeded_context,90CYE03_19_DKS.PZU,0x5602,0x56A0,7,803,911,loop_hotspot,emulation_observed
packet_bridge_seeded_context_5602_20260428T042930Z,packet_bridge_seeded_context,90CYE03_19_DKS.PZU,0x5602,0x56A1,7,804,912,loop_hotspot,emulation_observed
packet_bridge_seeded_context_5602_20260428T042930Z,packet_bridge_seeded_context,90CYE03_19_DKS.PZU,0x5602,0x56A2,7,805,913,loop_hotspot,emulation_observed
packet_bridge_seeded_context_5602_20260428T042930Z,packet_bridge_seeded_context,90CYE03_19_DKS.PZU,0x5602,0x594B,7,17,257,loop_hotspot,emulation_observed
packet_bridge_seeded_context_5602_20260428T042930Z,packet_bridge_seeded_context,90CYE03_19_DKS.PZU,0x5602,0x594E,7,29,269,loop_hotspot,emulation_observed
packet_bridge_seeded_context_5602_20260428T042930Z,packet_bridge_seeded_context,90CYE03_19_DKS.PZU,0x5602,0x5950,7,30,270,loop_hotspot,emulation_observed
packet_bridge_seeded_context_5602_20260428T042930Z,packet_bridge_seeded_context,90CYE03_19_DKS.PZU,0x5602,0x5951,7,31,271,loop_hotspot,emulation_observed
packet_bridge_seeded_context_5602_20260428T042930Z,packet_bridge_seeded_context,90CYE03_19_DKS.PZU,0x5602,0x5953,7,32,272,loop_hotspot,emulation_observed
packet_bridge_seeded_context_5602_20260428T042930Z,packet_bridge_seeded_context,90CYE03_19_DKS.PZU,0x5602,0x5954,7,33,273,loop_hotspot,emulation_observed
packet_bridge_seeded_context_5602_20260428T042930Z,packet_bridge_seeded_context,90CYE03_19_DKS.PZU,0x5602,0x5972,7,18,258,loop_hotspot,emulation_observed
packet_bridge_seeded_context_5602_20260428T042930Z,packet_bridge_seeded_context,90CYE03_19_DKS.PZU,0x5602,0x5975,7,19,259,loop_hotspot,emulation_observed
packet_bridge_seeded_context_5602_20260428T042930Z,packet_bridge_seeded_context,90CYE03_19_DKS.PZU,0x5602,0x5976,7,20,260,loop_hotspot,emulation_observed
packet_bridge_seeded_context_5602_20260428T042930Z,packet_bridge_seeded_context,90CYE03_19_DKS.PZU,0x5602,0x5978,7,21,261,loop_hotspot,emulation_observed
packet_bridge_seeded_context_5602_20260428T042930Z,packet_bridge_seeded_context,90CYE03_19_DKS.PZU,0x5602,0x597A,7,22,262,loop_hotspot,emulation_observed
packet_bridge_seeded_context_5602_20260428T042930Z,packet_bridge_seeded_context,90CYE03_19_DKS.PZU,0x5602,0x597B,7,23,263,loop_hotspot,emulation_observed
packet_bridge_seeded_context_5602_20260428T042930Z,packet_bridge_seeded_context,90CYE03_19_DKS.PZU,0x5602,0x597D,7,24,264,loop_hotspot,emulation_observed
packet_bridge_seeded_context_5602_20260428T042930Z,packet_bridge_seeded_context,90CYE03_19_DKS.PZU,0x5602,0x597F,7,25,265,loop_hotspot,emulation_observed
packet_bridge_seeded_context_5602_20260428T042930Z,packet_bridge_seeded_context,90CYE03_19_DKS.PZU,0x5602,0x5981,7,26,266,loop_hotspot,emulation_observed
packet_bridge_seeded_context_5602_20260428T042930Z,packet_bridge_seeded_context,90CYE03_19_DKS.PZU,0x5602,0x5982,7,27,267,movc_pc_relative_table_loop_candidate,emulation_observed;movc_pc_relative_region
packet_bridge_seeded_context_5602_20260428T042930Z,packet_bridge_seeded_context,90CYE03_19_DKS.PZU,0x5602,0x5983,7,28,268,loop_hotspot,emulation_observed
packet_bridge_seeded_context_5602_20260428T042930Z,packet_bridge_seeded_context,90CYE03_19_DKS.PZU,0x5602,0x560C,1,287,287,loop_hotspot,emulation_observed
packet_bridge_seeded_context_5602_20260428T042930Z,packet_bridge_seeded_context,90CYE03_19_DKS.PZU,0x5602,0x560D,1,288,288,loop_hotspot,emulation_observed
packet_bridge_seeded_context_5602_20260428T042930Z,packet_bridge_seeded_context,90CYE03_19_DKS.PZU,0x5602,0x5610,1,289,289,loop_hotspot,emulation_observed
packet_bridge_seeded_context_5602_20260428T042930Z,packet_bridge_seeded_context,90CYE03_19_DKS.PZU,0x5602,0x5611,1,290,290,loop_hotspot,emulation_observed
packet_bridge_seeded_context_5602_20260428T042930Z,packet_bridge_seeded_context,90CYE03_19_DKS.PZU,0x5602,0x5612,1,291,291,loop_hotspot,emulation_observed
packet_bridge_seeded_context_5602_20260428T042930Z,packet_bridge_seeded_context,90CYE03_19_DKS.PZU,0x5602,0x5615,1,292,292,loop_hotspot,emulation_observed
packet_bridge_seeded_context_5602_20260428T042930Z,packet_bridge_seeded_context,90CYE03_19_DKS.PZU,0x5602,0x5616,1,293,293,loop_hotspot,emulation_observed
packet_bridge_seeded_context_5602_20260428T042930Z,packet_bridge_seeded_context,90CYE03_19_DKS.PZU,0x5602,0x5618,1,294,294,loop_hotspot,emulation_observed
packet_bridge_seeded_context_5602_20260428T042930Z,packet_bridge_seeded_context,90CYE03_19_DKS.PZU,0x5602,0x5623,1,304,304,loop_hotspot,emulation_observed
packet_bridge_seeded_context_5602_20260428T042930Z,packet_bridge_seeded_context,90CYE03_19_DKS.PZU,0x5602,0x5624,1,305,305,loop_hotspot,emulation_observed
packet_bridge_seeded_context_5602_20260428T042930Z,packet_bridge_seeded_context,90CYE03_19_DKS.PZU,0x5602,0x5627,1,306,306,loop_hotspot,emulation_observed
packet_bridge_seeded_context_5602_20260428T042930Z,packet_bridge_seeded_context,90CYE03_19_DKS.PZU,0x5602,0x5628,1,307,307,loop_hotspot,emulation_observed
packet_bridge_seeded_context_5602_20260428T042930Z,packet_bridge_seeded_context,90CYE03_19_DKS.PZU,0x5602,0x562B,1,308,308,loop_hotspot,emulation_observed
packet_bridge_seeded_context_5602_20260428T042930Z,packet_bridge_seeded_context,90CYE03_19_DKS.PZU,0x5602,0x562C,1,309,309,loop_hotspot,emulation_observed
packet_bridge_seeded_context_5602_20260428T042930Z,packet_bridge_seeded_context,90CYE03_19_DKS.PZU,0x5602,0x562D,1,310,310,loop_hotspot,emulation_observed
packet_bridge_seeded_context_5602_20260428T042930Z,packet_bridge_seeded_context,90CYE03_19_DKS.PZU,0x5602,0x5632,1,390,390,loop_hotspot,emulation_observed
packet_bridge_seeded_context_5602_20260428T042930Z,packet_bridge_seeded_context,90CYE03_19_DKS.PZU,0x5602,0x5633,1,391,391,loop_hotspot,emulation_observed
packet_bridge_seeded_context_5602_20260428T042930Z,packet_bridge_seeded_context,90CYE03_19_DKS.PZU,0x5602,0x5636,1,392,392,loop_hotspot,emulation_observed
packet_bridge_seeded_context_5602_20260428T042930Z,packet_bridge_seeded_context,90CYE03_19_DKS.PZU,0x5602,0x5637,1,393,393,loop_hotspot,emulation_observed
packet_bridge_seeded_context_5602_20260428T042930Z,packet_bridge_seeded_context,90CYE03_19_DKS.PZU,0x5602,0x5638,1,394,394,loop_hotspot,emulation_observed
packet_bridge_seeded_context_5602_20260428T042930Z,packet_bridge_seeded_context,90CYE03_19_DKS.PZU,0x5602,0x563B,1,395,395,loop_hotspot,emulation_observed
packet_bridge_seeded_context_5602_20260428T042930Z,packet_bridge_seeded_context,90CYE03_19_DKS.PZU,0x5602,0x563C,1,396,396,loop_hotspot,emulation_observed
packet_bridge_seeded_context_5602_20260428T042930Z,packet_bridge_seeded_context,90CYE03_19_DKS.PZU,0x5602,0x563E,1,397,397,loop_hotspot,emulation_observed
packet_bridge_seeded_context_5602_20260428T042930Z,packet_bridge_seeded_context,90CYE03_19_DKS.PZU,0x5602,0x5641,1,398,398,loop_hotspot,emulation_observed
packet_bridge_seeded_context_5602_20260428T042930Z,packet_bridge_seeded_context,90CYE03_19_DKS.PZU,0x5602,0x564B,1,431,431,loop_hotspot,emulation_observed
packet_bridge_seeded_context_5602_20260428T042930Z,packet_bridge_seeded_context,90CYE03_19_DKS.PZU,0x5602,0x564D,1,432,432,loop_hotspot,emulation_observed
packet_bridge_seeded_context_5602_20260428T042930Z,packet_bridge_seeded_context,90CYE03_19_DKS.PZU,0x5602,0x5650,1,433,433,loop_hotspot,emulation_observed
packet_bridge_seeded_context_5602_20260428T042930Z,packet_bridge_seeded_context,90CYE03_19_DKS.PZU,0x5602,0x5651,1,434,434,loop_hotspot,emulation_observed
packet_bridge_seeded_context_5602_20260428T042930Z,packet_bridge_seeded_context,90CYE03_19_DKS.PZU,0x5602,0x5653,1,435,435,loop_hotspot,emulation_observed
packet_bridge_seeded_context_5602_20260428T042930Z,packet_bridge_seeded_context,90CYE03_19_DKS.PZU,0x5602,0x566D,1,573,573,loop_hotspot,emulation_observed
packet_bridge_seeded_context_5602_20260428T042930Z,packet_bridge_seeded_context,90CYE03_19_DKS.PZU,0x5602,0x566E,1,574,574,loop_hotspot,emulation_observed
packet_bridge_seeded_context_5602_20260428T042930Z,packet_bridge_seeded_context,90CYE03_19_DKS.PZU,0x5602,0x5671,1,575,575,loop_hotspot,emulation_observed
packet_bridge_seeded_context_5602_20260428T042930Z,packet_bridge_seeded_context,90CYE03_19_DKS.PZU,0x5602,0x5672,1,576,576,loop_hotspot,emulation_observed
packet_bridge_seeded_context_5602_20260428T042930Z,packet_bridge_seeded_context,90CYE03_19_DKS.PZU,0x5602,0x5673,1,577,577,loop_hotspot,emulation_observed
packet_bridge_seeded_context_5602_20260428T042930Z,packet_bridge_seeded_context,90CYE03_19_DKS.PZU,0x5602,0x5676,1,578,578,loop_hotspot,emulation_observed
packet_bridge_seeded_context_5602_20260428T042930Z,packet_bridge_seeded_context,90CYE03_19_DKS.PZU,0x5602,0x5677,1,579,579,loop_hotspot,emulation_observed
packet_bridge_seeded_context_5602_20260428T042930Z,packet_bridge_seeded_context,90CYE03_19_DKS.PZU,0x5602,0x567A,1,580,580,loop_hotspot,emulation_observed
packet_bridge_seeded_context_5602_20260428T042930Z,packet_bridge_seeded_context,90CYE03_19_DKS.PZU,0x5602,0x567D,1,581,581,loop_hotspot,emulation_observed
packet_bridge_seeded_context_5602_20260428T042930Z,packet_bridge_seeded_context,90CYE03_19_DKS.PZU,0x5602,0x5685,1,774,774,loop_hotspot,emulation_observed
packet_bridge_seeded_context_5602_20260428T042930Z,packet_bridge_seeded_context,90CYE03_19_DKS.PZU,0x5602,0x5688,1,775,775,loop_hotspot,emulation_observed
packet_bridge_seeded_context_5602_20260428T042930Z,packet_bridge_seeded_context,90CYE03_19_DKS.PZU,0x5602,0x568A,1,776,776,loop_hotspot,emulation_observed
packet_bridge_seeded_context_5602_20260428T042930Z,packet_bridge_seeded_context,90CYE03_19_DKS.PZU,0x5602,0x568B,1,777,777,loop_hotspot,emulation_observed
packet_bridge_seeded_context_5602_20260428T042930Z,packet_bridge_seeded_context,90CYE03_19_DKS.PZU,0x5602,0x568D,1,778,778,loop_hotspot,emulation_observed
packet_bridge_seeded_context_5602_20260428T042930Z,packet_bridge_seeded_context,90CYE03_19_DKS.PZU,0x5602,0x56A7,1,916,916,loop_hotspot,emulation_observed
packet_bridge_seeded_context_5602_20260428T042930Z,packet_bridge_seeded_context,90CYE03_19_DKS.PZU,0x5602,0x56A8,1,917,917,loop_hotspot,emulation_observed
packet_bridge_seeded_context_5602_20260428T042930Z,packet_bridge_seeded_context,90CYE03_19_DKS.PZU,0x5602,0x56AB,1,918,918,loop_hotspot,emulation_observed
packet_bridge_seeded_context_5602_20260428T042930Z,packet_bridge_seeded_context,90CYE03_19_DKS.PZU,0x5602,0x56AC,1,919,919,loop_hotspot,emulation_observed
packet_bridge_seeded_context_5602_20260428T042930Z,packet_bridge_seeded_context,90CYE03_19_DKS.PZU,0x5602,0x56AD,1,920,920,loop_hotspot,emulation_observed
packet_bridge_seeded_context_5602_20260428T042930Z,packet_bridge_seeded_context,90CYE03_19_DKS.PZU,0x5602,0x56B0,1,921,921,loop_hotspot,emulation_observed
packet_bridge_seeded_context_5602_20260428T042930Z,packet_bridge_seeded_context,90CYE03_19_DKS.PZU,0x5602,0x56B1,1,922,922,loop_hotspot,emulation_observed
packet_bridge_seeded_context_5602_20260428T042930Z,packet_bridge_seeded_context,90CYE03_19_DKS.PZU,0x5602,0x56B2,1,923,923,loop_hotspot,emulation_observed
packet_bridge_seeded_context_5602_20260428T042930Z,packet_bridge_seeded_context,90CYE03_19_DKS.PZU,0x5602,0x56B5,1,924,924,loop_hotspot,emulation_observed
packet_bridge_seeded_context_5602_20260428T042930Z,packet_bridge_seeded_context,90CYE03_19_DKS.PZU,0x5602,0x56B6,1,925,925,loop_hotspot,emulation_observed
packet_bridge_seeded_context_5602_20260428T042930Z,packet_bridge_seeded_context,90CYE03_19_DKS.PZU,0x5602,0x56B7,1,926,926,loop_hotspot,emulation_observed
packet_bridge_seeded_context_5602_20260428T042930Z,packet_bridge_seeded_context,90CYE03_19_DKS.PZU,0x5602,0x56BA,1,927,927,loop_hotspot,emulation_observed
packet_bridge_seeded_context_5602_20260428T042930Z,packet_bridge_seeded_context,90CYE03_19_DKS.PZU,0x5602,0x56BB,1,928,928,loop_hotspot,emulation_observed
packet_bridge_seeded_context_5602_20260428T042930Z,packet_bridge_seeded_context,90CYE03_19_DKS.PZU,0x5602,0x56BC,1,929,929,loop_hotspot,emulation_observed
packet_bridge_seeded_context_5602_20260428T042930Z,packet_bridge_seeded_context,90CYE03_19_DKS.PZU,0x5602,0x56BF,1,930,930,loop_hotspot,emulation_observed
packet_bridge_seeded_context_5602_20260428T042930Z,packet_bridge_seeded_context,90CYE03_19_DKS.PZU,0x5602,0x56C0,1,931,931,loop_hotspot,emulation_observed
packet_bridge_seeded_context_5602_20260428T042930Z,packet_bridge_seeded_context,90CYE03_19_DKS.PZU,0x5602,0x56C1,1,932,932,loop_hotspot,emulation_observed
packet_bridge_seeded_context_5602_20260428T042930Z,packet_bridge_seeded_context,90CYE03_19_DKS.PZU,0x5602,0x56C4,1,933,933,loop_hotspot,emulation_observed
packet_bridge_seeded_context_5602_20260428T042930Z,packet_bridge_seeded_context,90CYE03_19_DKS.PZU,0x5602,0x56C5,1,934,934,loop_hotspot,emulation_observed
packet_bridge_seeded_context_5602_20260428T042930Z,packet_bridge_seeded_context,90CYE03_19_DKS.PZU,0x5602,0x56C6,1,935,935,loop_hotspot,emulation_observed
packet_bridge_seeded_context_5602_20260428T042930Z,packet_bridge_seeded_context,90CYE03_19_DKS.PZU,0x5602,0x56C9,1,936,936,loop_hotspot,emulation_observed
packet_bridge_seeded_context_5602_20260428T042930Z,packet_bridge_seeded_context,90CYE03_19_DKS.PZU,0x5602,0x56CA,1,937,937,loop_hotspot,emulation_observed
packet_bridge_seeded_context_5602_20260428T042930Z,packet_bridge_seeded_context,90CYE03_19_DKS.PZU,0x5602,0x56CB,1,938,938,loop_hotspot,emulation_observed
packet_bridge_seeded_context_5602_20260428T042930Z,packet_bridge_seeded_context,90CYE03_19_DKS.PZU,0x5602,0x56CE,1,939,939,loop_hotspot,emulation_observed
packet_bridge_seeded_context_5602_20260428T042930Z,packet_bridge_seeded_context,90CYE03_19_DKS.PZU,0x5602,0x56CF,1,940,940,loop_hotspot,emulation_observed
packet_bridge_seeded_context_5602_20260428T042930Z,packet_bridge_seeded_context,90CYE03_19_DKS.PZU,0x5602,0x56D0,1,941,941,loop_hotspot,emulation_observed
packet_bridge_seeded_context_5602_20260428T042930Z,packet_bridge_seeded_context,90CYE03_19_DKS.PZU,0x5602,0x56D3,1,942,942,loop_hotspot,emulation_observed
packet_bridge_seeded_context_5602_20260428T042930Z,packet_bridge_seeded_context,90CYE03_19_DKS.PZU,0x5602,0x56D4,1,943,943,loop_hotspot,emulation_observed
packet_bridge_seeded_context_5602_20260428T042930Z,packet_bridge_seeded_context,90CYE03_19_DKS.PZU,0x5602,0x5AA3,1,954,954,loop_hotspot,emulation_observed
packet_bridge_seeded_context_5602_20260428T042930Z,packet_bridge_seeded_context,90CYE03_19_DKS.PZU,0x5602,0x5AA6,1,955,955,loop_hotspot,emulation_observed
packet_bridge_seeded_context_5602_20260428T042930Z,packet_bridge_seeded_context,90CYE03_19_DKS.PZU,0x5602,0x673C,1,944,944,loop_hotspot,emulation_observed
packet_bridge_seeded_context_5602_20260428T042930Z,packet_bridge_seeded_context,90CYE03_19_DKS.PZU,0x5602,0x673E,1,945,945,loop_hotspot,emulation_observed
packet_bridge_seeded_context_5602_20260428T042930Z,packet_bridge_seeded_context,90CYE03_19_DKS.PZU,0x5602,0x673F,1,946,946,loop_hotspot,emulation_observed
packet_bridge_seeded_context_5602_20260428T042930Z,packet_bridge_seeded_context,90CYE03_19_DKS.PZU,0x5602,0x6742,1,951,951,loop_hotspot,emulation_observed
packet_bridge_seeded_context_5602_20260428T042930Z,packet_bridge_seeded_context,90CYE03_19_DKS.PZU,0x5602,0x6744,1,952,952,loop_hotspot,emulation_observed
packet_bridge_seeded_context_5602_20260428T042930Z,packet_bridge_seeded_context,90CYE03_19_DKS.PZU,0x5602,0x6745,1,953,953,loop_hotspot,emulation_observed
packet_bridge_seeded_context_5602_20260428T042930Z,packet_bridge_seeded_context,90CYE03_19_DKS.PZU,0x5602,0x848E,1,947,947,loop_hotspot,emulation_observed
packet_bridge_seeded_context_5602_20260428T042930Z,packet_bridge_seeded_context,90CYE03_19_DKS.PZU,0x5602,0x8491,1,948,948,loop_hotspot,emulation_observed
packet_bridge_seeded_context_5602_20260428T042930Z,packet_bridge_seeded_context,90CYE03_19_DKS.PZU,0x5602,0x8494,1,949,949,loop_hotspot,emulation_observed
packet_bridge_seeded_context_5602_20260428T042930Z,packet_bridge_seeded_context,90CYE03_19_DKS.PZU,0x5602,0x8495,1,950,950,loop_hotspot,emulation_observed
packet_bridge_seeded_context_5A7F_20260428T042930Z,packet_bridge_seeded_context,90CYE03_19_DKS.PZU,0x5A7F,0x5A7F,1,1,1,loop_hotspot,emulation_observed
packet_bridge_seeded_context_5A7F_20260428T042930Z,packet_bridge_seeded_context,90CYE03_19_DKS.PZU,0x5A7F,0x5A81,1,2,2,loop_hotspot,emulation_observed
packet_bridge_seeded_context_5A7F_20260428T042930Z,packet_bridge_seeded_context,90CYE03_19_DKS.PZU,0x5A7F,0x5A83,1,3,3,loop_hotspot,emulation_observed
packet_bridge_seeded_context_5A7F_20260428T042930Z,packet_bridge_seeded_context,90CYE03_19_DKS.PZU,0x5A7F,0x5A84,1,4,4,loop_hotspot,emulation_observed
packet_bridge_seeded_context_5A7F_20260428T042930Z,packet_bridge_seeded_context,90CYE03_19_DKS.PZU,0x5A7F,0x5A86,1,5,5,loop_hotspot,emulation_observed
packet_bridge_seeded_context_5A7F_20260428T042930Z,packet_bridge_seeded_context,90CYE03_19_DKS.PZU,0x5A7F,0x5A88,1,6,6,loop_hotspot,emulation_observed
