scenario,seed_addr,seed_value,function_addr,first_read_step,first_write_step,read_before_write,first_read_value,first_write_value,final_value,influences_control_flow,notes
packet_bridge_seeded_context_ff,0x30AC,0xFF,0x55AD,796,156,no,0x00,0x00,0x00,no,seed_overwritten_before_first_read
packet_bridge_seeded_context_ff,0x30B4,0xFF,0x55AD,,,no,,,0xFF,no,seed_unused_in_trace
packet_bridge_seeded_context_ff,0x30BC,0xFF,0x55AD,,,no,,,0xFF,no,seed_unused_in_trace
packet_bridge_seeded_context_ff,0x30CC,0xFF,0x55AD,,651,no,,0x08,0x0E,no,seed_overwritten_without_read
packet_bridge_seeded_context_ff,0x30D4,0xFF,0x55AD,,308,no,,0x01,0x07,no,seed_overwritten_without_read
packet_bridge_seeded_context_ff,0x30E0,0xFF,0x55AD,,,no,,,0xFF,no,seed_unused_in_trace
packet_bridge_seeded_context_ff,0x30E1,0xFF,0x55AD,,,no,,,0xFF,no,seed_unused_in_trace
packet_bridge_seeded_context_ff,0x30E7,0xFF,0x55AD,,,no,,,0xFF,no,seed_unused_in_trace
packet_bridge_seeded_context_ff,0x30E9,0xFF,0x55AD,,,no,,,0xFF,no,seed_unused_in_trace
packet_bridge_seeded_context_ff,0x30EA,0xFF,0x55AD,,,no,,,0xFF,no,seed_unused_in_trace
packet_bridge_seeded_context_ff,0x30EB,0xFF,0x55AD,,,no,,,0xFF,no,seed_unused_in_trace
packet_bridge_seeded_context_ff,0x30EC,0xFF,0x55AD,,,no,,,0xFF,no,seed_unused_in_trace
packet_bridge_seeded_context_ff,0x30ED,0xFF,0x55AD,,,no,,,0xFF,no,seed_unused_in_trace
packet_bridge_seeded_context_ff,0x30EE,0xFF,0x55AD,884,886,yes,0xFF,0xFF,0xFF,no,seed_read_before_write
packet_bridge_seeded_context_ff,0x30EF,0xFF,0x55AD,,,no,,,0xFF,no,seed_unused_in_trace
packet_bridge_seeded_context_ff,0x30F0,0xFF,0x55AD,,,no,,,0xFF,no,seed_unused_in_trace
packet_bridge_seeded_context_ff,0x30F1,0xFF,0x55AD,,,no,,,0xFF,no,seed_unused_in_trace
packet_bridge_seeded_context_ff,0x30F2,0xFF,0x55AD,,,no,,,0xFF,no,seed_unused_in_trace
packet_bridge_seeded_context_ff,0x30F3,0xFF,0x55AD,,,no,,,0xFF,no,seed_unused_in_trace
packet_bridge_seeded_context_ff,0x30F4,0xFF,0x55AD,,,no,,,0xFF,no,seed_unused_in_trace
packet_bridge_seeded_context_ff,0x30F5,0xFF,0x55AD,,,no,,,0xFF,no,seed_unused_in_trace
packet_bridge_seeded_context_ff,0x30F6,0xFF,0x55AD,,,no,,,0xFF,no,seed_unused_in_trace
packet_bridge_seeded_context_ff,0x30F7,0xFF,0x55AD,,,no,,,0xFF,no,seed_unused_in_trace
packet_bridge_seeded_context_ff,0x30F8,0xFF,0x55AD,,,no,,,0xFF,no,seed_unused_in_trace
packet_bridge_seeded_context_ff,0x30F9,0xFF,0x55AD,,,no,,,0xFF,no,seed_unused_in_trace
packet_bridge_seeded_context_ff,0x3165,0xFF,0x55AD,,,no,,,0xFF,no,seed_unused_in_trace
packet_bridge_seeded_context_ff,0x31BF,0xFF,0x55AD,930,872,no,0x08,0x08,0x08,no,seed_overwritten_before_first_read
packet_bridge_seeded_context_ff,0x364B,0xFF,0x55AD,,,no,,,0xFF,no,seed_unused_in_trace
packet_bridge_seeded_context_ff,0x36D3,0xFF,0x55AD,923,,yes,0xFF,,0xFF,no,seed_read_no_overwrite
packet_bridge_seeded_context_ff,0x36D4,0xFF,0x55AD,,,no,,,0xFF,no,seed_unused_in_trace
packet_bridge_seeded_context_ff,0x36D5,0xFF,0x55AD,,,no,,,0xFF,no,seed_unused_in_trace
packet_bridge_seeded_context_ff,0x36D6,0xFF,0x55AD,,,no,,,0xFF,no,seed_unused_in_trace
packet_bridge_seeded_context_ff,0x36D7,0xFF,0x55AD,,,no,,,0xFF,no,seed_unused_in_trace
packet_bridge_seeded_context_ff,0x36D8,0xFF,0x55AD,,,no,,,0xFF,no,seed_unused_in_trace
packet_bridge_seeded_context_ff,0x36D9,0xFF,0x55AD,,,no,,,0xFF,no,seed_unused_in_trace
packet_bridge_seeded_context_ff,0x36DA,0xFF,0x55AD,,,no,,,0xFF,no,seed_unused_in_trace
packet_bridge_seeded_context_ff,0x36DB,0xFF,0x55AD,,,no,,,0xFF,no,seed_unused_in_trace
packet_bridge_seeded_context_ff,0x36DC,0xFF,0x55AD,,,no,,,0xFF,no,seed_unused_in_trace
packet_bridge_seeded_context_ff,0x36DD,0xFF,0x55AD,,,no,,,0xFF,no,seed_unused_in_trace
packet_bridge_seeded_context_ff,0x36DE,0xFF,0x55AD,,,no,,,0xFF,no,seed_unused_in_trace
packet_bridge_seeded_context_ff,0x36DF,0xFF,0x55AD,,,no,,,0xFF,no,seed_unused_in_trace
packet_bridge_seeded_context_ff,0x36E0,0xFF,0x55AD,,,no,,,0xFF,no,seed_unused_in_trace
packet_bridge_seeded_context_ff,0x36E1,0xFF,0x55AD,,,no,,,0xFF,no,seed_unused_in_trace
packet_bridge_seeded_context_ff,0x36E2,0xFF,0x55AD,,,no,,,0xFF,no,seed_unused_in_trace
packet_bridge_seeded_context_ff,0x36E3,0xFF,0x55AD,,,no,,,0xFF,no,seed_unused_in_trace
packet_bridge_seeded_context_ff,0x36E4,0xFF,0x55AD,,,no,,,0xFF,no,seed_unused_in_trace
packet_bridge_seeded_context_ff,0x36E5,0xFF,0x55AD,,,no,,,0xFF,no,seed_unused_in_trace
packet_bridge_seeded_context_ff,0x36E6,0xFF,0x55AD,,,no,,,0xFF,no,seed_unused_in_trace
packet_bridge_seeded_context_ff,0x36E7,0xFF,0x55AD,,,no,,,0xFF,no,seed_unused_in_trace
packet_bridge_seeded_context_ff,0x36E8,0xFF,0x55AD,,,no,,,0xFF,no,seed_unused_in_trace
packet_bridge_seeded_context_ff,0x36E9,0xFF,0x55AD,,,no,,,0xFF,no,seed_unused_in_trace
packet_bridge_seeded_context_ff,0x36EA,0xFF,0x55AD,,,no,,,0xFF,no,seed_unused_in_trace
packet_bridge_seeded_context_ff,0x36EB,0xFF,0x55AD,,,no,,,0xFF,no,seed_unused_in_trace
packet_bridge_seeded_context_ff,0x36EC,0xFF,0x55AD,,,no,,,0xFF,no,seed_unused_in_trace
packet_bridge_seeded_context_ff,0x36ED,0xFF,0x55AD,868,139,no,0x00,0x00,0x00,no,seed_overwritten_before_first_read
packet_bridge_seeded_context_ff,0x36EE,0xFF,0x55AD,,,no,,,0xFF,no,seed_unused_in_trace
packet_bridge_seeded_context_ff,0x36EF,0xFF,0x55AD,,67,no,,0x00,0x00,no,seed_overwritten_without_read
packet_bridge_seeded_context_ff,0x36F0,0xFF,0x55AD,,425,no,,0x08,0x08,no,seed_overwritten_without_read
packet_bridge_seeded_context_ff,0x36F1,0xFF,0x55AD,,242,no,,0x01,0x01,no,seed_overwritten_without_read
packet_bridge_seeded_context_ff,0x36F2,0xFF,0x55AD,,768,no,,0x0F,0x0F,no,seed_overwritten_without_read
packet_bridge_seeded_context_ff,0x36F3,0xFF,0x55AD,,771,no,,0x10,0x10,no,seed_overwritten_without_read
packet_bridge_seeded_context_ff,0x36F4,0xFF,0x55AD,,777,no,,0x12,0x12,no,seed_overwritten_without_read
packet_bridge_seeded_context_ff,0x36F5,0xFF,0x55AD,,774,no,,0x11,0x11,no,seed_overwritten_without_read
packet_bridge_seeded_context_ff,0x36F6,0xFF,0x55AD,,780,no,,0x13,0x13,no,seed_overwritten_without_read
packet_bridge_seeded_context_ff,0x36F7,0xFF,0x55AD,,783,no,,0x14,0x14,no,seed_overwritten_without_read
packet_bridge_seeded_context_ff,0x36F8,0xFF,0x55AD,,786,no,,0x15,0x15,no,seed_overwritten_without_read
packet_bridge_seeded_context_ff,0x36F9,0xFF,0x55AD,,789,no,,0x16,0x16,no,seed_overwritten_without_read
packet_bridge_seeded_context_ff,0x36FA,0xFF,0x55AD,933,,yes,0xFF,,0xFF,no,seed_read_no_overwrite
packet_bridge_seeded_context_ff,0x36FB,0xFF,0x55AD,865,239,no,0x01,0x01,0x01,no,seed_overwritten_before_first_read
packet_bridge_seeded_context_ff,0x36FC,0xFF,0x55AD,,64,no,,0x00,0x00,no,seed_overwritten_without_read
packet_bridge_seeded_context_ff,0x36FD,0xFF,0x55AD,,136,no,,0x00,0x00,no,seed_overwritten_without_read
packet_bridge_seeded_context_ff,0x36FE,0xFF,0x55AD,,,no,,,0xFF,no,seed_unused_in_trace
packet_bridge_seeded_context_ff,0x36FF,0xFF,0x55AD,,765,no,,0x07,0x07,no,seed_overwritten_without_read
packet_bridge_seeded_context_ff,0x30AC,0xFF,0x5602,725,85,no,0x01,0x01,0x01,no,seed_overwritten_before_first_read
packet_bridge_seeded_context_ff,0x30B4,0xFF,0x5602,,,no,,,0xFF,no,seed_unused_in_trace
packet_bridge_seeded_context_ff,0x30BC,0xFF,0x5602,,,no,,,0xFF,no,seed_unused_in_trace
packet_bridge_seeded_context_ff,0x30CC,0xFF,0x5602,,580,no,,0x09,0x0F,no,seed_overwritten_without_read
packet_bridge_seeded_context_ff,0x30D4,0xFF,0x5602,,237,no,,0x02,0x08,no,seed_overwritten_without_read
packet_bridge_seeded_context_ff,0x30E0,0xFF,0x5602,,,no,,,0xFF,no,seed_unused_in_trace
packet_bridge_seeded_context_ff,0x30E1,0xFF,0x5602,,,no,,,0xFF,no,seed_unused_in_trace
packet_bridge_seeded_context_ff,0x30E7,0xFF,0x5602,,,no,,,0xFF,no,seed_unused_in_trace
packet_bridge_seeded_context_ff,0x30E9,0xFF,0x5602,,,no,,,0xFF,no,seed_unused_in_trace
packet_bridge_seeded_context_ff,0x30EA,0xFF,0x5602,,,no,,,0xFF,no,seed_unused_in_trace
packet_bridge_seeded_context_ff,0x30EB,0xFF,0x5602,,,no,,,0xFF,no,seed_unused_in_trace
packet_bridge_seeded_context_ff,0x30EC,0xFF,0x5602,,,no,,,0xFF,no,seed_unused_in_trace
packet_bridge_seeded_context_ff,0x30ED,0xFF,0x5602,,,no,,,0xFF,no,seed_unused_in_trace
packet_bridge_seeded_context_ff,0x30EE,0xFF,0x5602,973,975,yes,0xFF,0xFF,0xFF,no,seed_read_before_write
packet_bridge_seeded_context_ff,0x30EF,0xFF,0x5602,,,no,,,0xFF,no,seed_unused_in_trace
packet_bridge_seeded_context_ff,0x30F0,0xFF,0x5602,,,no,,,0xFF,no,seed_unused_in_trace
packet_bridge_seeded_context_ff,0x30F1,0xFF,0x5602,,,no,,,0xFF,no,seed_unused_in_trace
packet_bridge_seeded_context_ff,0x30F2,0xFF,0x5602,,,no,,,0xFF,no,seed_unused_in_trace
packet_bridge_seeded_context_ff,0x30F3,0xFF,0x5602,,,no,,,0xFF,no,seed_unused_in_trace
packet_bridge_seeded_context_ff,0x30F4,0xFF,0x5602,,,no,,,0xFF,no,seed_unused_in_trace
packet_bridge_seeded_context_ff,0x30F5,0xFF,0x5602,,,no,,,0xFF,no,seed_unused_in_trace
packet_bridge_seeded_context_ff,0x30F6,0xFF,0x5602,,,no,,,0xFF,no,seed_unused_in_trace
packet_bridge_seeded_context_ff,0x30F7,0xFF,0x5602,,,no,,,0xFF,no,seed_unused_in_trace
packet_bridge_seeded_context_ff,0x30F8,0xFF,0x5602,,,no,,,0xFF,no,seed_unused_in_trace
packet_bridge_seeded_context_ff,0x30F9,0xFF,0x5602,,,no,,,0xFF,no,seed_unused_in_trace
packet_bridge_seeded_context_ff,0x3165,0xFF,0x5602,,,no,,,0xFF,no,seed_unused_in_trace
packet_bridge_seeded_context_ff,0x31BF,0xFF,0x5602,1019,961,no,0x08,0x08,0x08,no,seed_overwritten_before_first_read
packet_bridge_seeded_context_ff,0x364B,0xFF,0x5602,,,no,,,0xFF,no,seed_unused_in_trace
packet_bridge_seeded_context_ff,0x36D3,0xFF,0x5602,1012,,yes,0xFF,,0xFF,no,seed_read_no_overwrite
packet_bridge_seeded_context_ff,0x36D4,0xFF,0x5602,,,no,,,0xFF,no,seed_unused_in_trace
packet_bridge_seeded_context_ff,0x36D5,0xFF,0x5602,,,no,,,0xFF,no,seed_unused_in_trace
packet_bridge_seeded_context_ff,0x36D6,0xFF,0x5602,,,no,,,0xFF,no,seed_unused_in_trace
packet_bridge_seeded_context_ff,0x36D7,0xFF,0x5602,,,no,,,0xFF,no,seed_unused_in_trace
packet_bridge_seeded_context_ff,0x36D8,0xFF,0x5602,,,no,,,0xFF,no,seed_unused_in_trace
packet_bridge_seeded_context_ff,0x36D9,0xFF,0x5602,,,no,,,0xFF,no,seed_unused_in_trace
packet_bridge_seeded_context_ff,0x36DA,0xFF,0x5602,,,no,,,0xFF,no,seed_unused_in_trace
packet_bridge_seeded_context_ff,0x36DB,0xFF,0x5602,,,no,,,0xFF,no,seed_unused_in_trace
packet_bridge_seeded_context_ff,0x36DC,0xFF,0x5602,,,no,,,0xFF,no,seed_unused_in_trace
packet_bridge_seeded_context_ff,0x36DD,0xFF,0x5602,,,no,,,0xFF,no,seed_unused_in_trace
packet_bridge_seeded_context_ff,0x36DE,0xFF,0x5602,,,no,,,0xFF,no,seed_unused_in_trace
packet_bridge_seeded_context_ff,0x36DF,0xFF,0x5602,,,no,,,0xFF,no,seed_unused_in_trace
packet_bridge_seeded_context_ff,0x36E0,0xFF,0x5602,,,no,,,0xFF,no,seed_unused_in_trace
packet_bridge_seeded_context_ff,0x36E1,0xFF,0x5602,,,no,,,0xFF,no,seed_unused_in_trace
packet_bridge_seeded_context_ff,0x36E2,0xFF,0x5602,,,no,,,0xFF,no,seed_unused_in_trace
packet_bridge_seeded_context_ff,0x36E3,0xFF,0x5602,,,no,,,0xFF,no,seed_unused_in_trace
packet_bridge_seeded_context_ff,0x36E4,0xFF,0x5602,,747,no,,0x00,0x00,no,seed_overwritten_without_read
packet_bridge_seeded_context_ff,0x36E5,0xFF,0x5602,,,no,,,0xFF,no,seed_unused_in_trace
packet_bridge_seeded_context_ff,0x36E6,0xFF,0x5602,,,no,,,0xFF,no,seed_unused_in_trace
packet_bridge_seeded_context_ff,0x36E7,0xFF,0x5602,,,no,,,0xFF,no,seed_unused_in_trace
packet_bridge_seeded_context_ff,0x36E8,0xFF,0x5602,,,no,,,0xFF,no,seed_unused_in_trace
packet_bridge_seeded_context_ff,0x36E9,0xFF,0x5602,,,no,,,0xFF,no,seed_unused_in_trace
packet_bridge_seeded_context_ff,0x36EA,0xFF,0x5602,,,no,,,0xFF,no,seed_unused_in_trace
packet_bridge_seeded_context_ff,0x36EB,0xFF,0x5602,,,no,,,0xFF,no,seed_unused_in_trace
packet_bridge_seeded_context_ff,0x36EC,0xFF,0x5602,,,no,,,0xFF,no,seed_unused_in_trace
packet_bridge_seeded_context_ff,0x36ED,0xFF,0x5602,957,68,no,0x01,0x01,0x01,no,seed_overwritten_before_first_read
packet_bridge_seeded_context_ff,0x36EE,0xFF,0x5602,,,no,,,0xFF,no,seed_unused_in_trace
packet_bridge_seeded_context_ff,0x36EF,0xFF,0x5602,,,no,,,0xFF,no,seed_unused_in_trace
packet_bridge_seeded_context_ff,0x36F0,0xFF,0x5602,,354,no,,0x09,0x09,no,seed_overwritten_without_read
packet_bridge_seeded_context_ff,0x36F1,0xFF,0x5602,,171,no,,0x02,0x02,no,seed_overwritten_without_read
packet_bridge_seeded_context_ff,0x36F2,0xFF,0x5602,,697,no,,0x10,0x10,no,seed_overwritten_without_read
packet_bridge_seeded_context_ff,0x36F3,0xFF,0x5602,,700,no,,0x11,0x11,no,seed_overwritten_without_read
packet_bridge_seeded_context_ff,0x36F4,0xFF,0x5602,,706,no,,0x13,0x13,no,seed_overwritten_without_read
packet_bridge_seeded_context_ff,0x36F5,0xFF,0x5602,,703,no,,0x12,0x12,no,seed_overwritten_without_read
packet_bridge_seeded_context_ff,0x36F6,0xFF,0x5602,,709,no,,0x14,0x14,no,seed_overwritten_without_read
packet_bridge_seeded_context_ff,0x36F7,0xFF,0x5602,,712,no,,0x15,0x15,no,seed_overwritten_without_read
packet_bridge_seeded_context_ff,0x36F8,0xFF,0x5602,,715,no,,0x16,0x16,no,seed_overwritten_without_read
packet_bridge_seeded_context_ff,0x36F9,0xFF,0x5602,,718,no,,0x17,0x17,no,seed_overwritten_without_read
packet_bridge_seeded_context_ff,0x36FA,0xFF,0x5602,1022,,yes,0xFF,,0xFF,no,seed_read_no_overwrite
packet_bridge_seeded_context_ff,0x36FB,0xFF,0x5602,954,168,no,0x01,0x01,0x01,no,seed_overwritten_before_first_read
packet_bridge_seeded_context_ff,0x36FC,0xFF,0x5602,,,no,,,0xFF,no,seed_unused_in_trace
packet_bridge_seeded_context_ff,0x36FD,0xFF,0x5602,,65,no,,0x00,0x00,no,seed_overwritten_without_read
packet_bridge_seeded_context_ff,0x36FE,0xFF,0x5602,,,no,,,0xFF,no,seed_unused_in_trace
packet_bridge_seeded_context_ff,0x36FF,0xFF,0x5602,,694,no,,0x07,0x07,no,seed_overwritten_without_read
packet_bridge_seeded_context_zeroed,0x30AC,0x00,0x55AD,796,156,no,0x00,0x00,0x00,no,seed_overwritten_before_first_read
packet_bridge_seeded_context_zeroed,0x30B4,0x00,0x55AD,,,no,,,0x00,no,seed_unused_in_trace
packet_bridge_seeded_context_zeroed,0x30BC,0x00,0x55AD,,,no,,,0x00,no,seed_unused_in_trace
packet_bridge_seeded_context_zeroed,0x30CC,0x00,0x55AD,,651,no,,0x08,0x0E,no,seed_overwritten_without_read
packet_bridge_seeded_context_zeroed,0x30D4,0x00,0x55AD,,308,no,,0x01,0x07,no,seed_overwritten_without_read
packet_bridge_seeded_context_zeroed,0x30E0,0x00,0x55AD,,,no,,,0x00,no,seed_unused_in_trace
packet_bridge_seeded_context_zeroed,0x30E1,0x00,0x55AD,,,no,,,0x00,no,seed_unused_in_trace
packet_bridge_seeded_context_zeroed,0x30E7,0x00,0x55AD,,,no,,,0x00,no,seed_unused_in_trace
packet_bridge_seeded_context_zeroed,0x30E9,0x00,0x55AD,,,no,,,0x00,no,seed_unused_in_trace
packet_bridge_seeded_context_zeroed,0x30EA,0x00,0x55AD,,,no,,,0x00,no,seed_unused_in_trace
packet_bridge_seeded_context_zeroed,0x30EB,0x00,0x55AD,,,no,,,0x00,no,seed_unused_in_trace
packet_bridge_seeded_context_zeroed,0x30EC,0x00,0x55AD,,,no,,,0x00,no,seed_unused_in_trace
packet_bridge_seeded_context_zeroed,0x30ED,0x00,0x55AD,,,no,,,0x00,no,seed_unused_in_trace
packet_bridge_seeded_context_zeroed,0x30EE,0x00,0x55AD,884,886,yes,0x00,0x00,0x00,no,seed_read_before_write
packet_bridge_seeded_context_zeroed,0x30EF,0x00,0x55AD,,,no,,,0x00,no,seed_unused_in_trace
packet_bridge_seeded_context_zeroed,0x30F0,0x00,0x55AD,,,no,,,0x00,no,seed_unused_in_trace
packet_bridge_seeded_context_zeroed,0x30F1,0x00,0x55AD,,,no,,,0x00,no,seed_unused_in_trace
packet_bridge_seeded_context_zeroed,0x30F2,0x00,0x55AD,,,no,,,0x00,no,seed_unused_in_trace
packet_bridge_seeded_context_zeroed,0x30F3,0x00,0x55AD,,,no,,,0x00,no,seed_unused_in_trace
packet_bridge_seeded_context_zeroed,0x30F4,0x00,0x55AD,,,no,,,0x00,no,seed_unused_in_trace
packet_bridge_seeded_context_zeroed,0x30F5,0x00,0x55AD,,,no,,,0x00,no,seed_unused_in_trace
packet_bridge_seeded_context_zeroed,0x30F6,0x00,0x55AD,,,no,,,0x00,no,seed_unused_in_trace
packet_bridge_seeded_context_zeroed,0x30F7,0x00,0x55AD,,,no,,,0x00,no,seed_unused_in_trace
packet_bridge_seeded_context_zeroed,0x30F8,0x00,0x55AD,,,no,,,0x00,no,seed_unused_in_trace
packet_bridge_seeded_context_zeroed,0x30F9,0x00,0x55AD,,,no,,,0x00,no,seed_unused_in_trace
packet_bridge_seeded_context_zeroed,0x3165,0x00,0x55AD,,,no,,,0x00,no,seed_unused_in_trace
packet_bridge_seeded_context_zeroed,0x31BF,0x00,0x55AD,930,872,no,0x08,0x08,0x08,no,seed_overwritten_before_first_read
packet_bridge_seeded_context_zeroed,0x364B,0x00,0x55AD,,,no,,,0x00,no,seed_unused_in_trace
packet_bridge_seeded_context_zeroed,0x36D3,0x00,0x55AD,923,,yes,0x00,,0x00,no,seed_read_no_overwrite
packet_bridge_seeded_context_zeroed,0x36D4,0x00,0x55AD,,,no,,,0x00,no,seed_unused_in_trace
packet_bridge_seeded_context_zeroed,0x36D5,0x00,0x55AD,,,no,,,0x00,no,seed_unused_in_trace
packet_bridge_seeded_context_zeroed,0x36D6,0x00,0x55AD,,,no,,,0x00,no,seed_unused_in_trace
packet_bridge_seeded_context_zeroed,0x36D7,0x00,0x55AD,,,no,,,0x00,no,seed_unused_in_trace
packet_bridge_seeded_context_zeroed,0x36D8,0x00,0x55AD,,,no,,,0x00,no,seed_unused_in_trace
packet_bridge_seeded_context_zeroed,0x36D9,0x00,0x55AD,,,no,,,0x00,no,seed_unused_in_trace
packet_bridge_seeded_context_zeroed,0x36DA,0x00,0x55AD,,,no,,,0x00,no,seed_unused_in_trace
packet_bridge_seeded_context_zeroed,0x36DB,0x00,0x55AD,,,no,,,0x00,no,seed_unused_in_trace
packet_bridge_seeded_context_zeroed,0x36DC,0x00,0x55AD,,,no,,,0x00,no,seed_unused_in_trace
packet_bridge_seeded_context_zeroed,0x36DD,0x00,0x55AD,,,no,,,0x00,no,seed_unused_in_trace
packet_bridge_seeded_context_zeroed,0x36DE,0x00,0x55AD,,,no,,,0x00,no,seed_unused_in_trace
packet_bridge_seeded_context_zeroed,0x36DF,0x00,0x55AD,,,no,,,0x00,no,seed_unused_in_trace
packet_bridge_seeded_context_zeroed,0x36E0,0x00,0x55AD,,,no,,,0x00,no,seed_unused_in_trace
packet_bridge_seeded_context_zeroed,0x36E1,0x00,0x55AD,,,no,,,0x00,no,seed_unused_in_trace
packet_bridge_seeded_context_zeroed,0x36E2,0x00,0x55AD,,,no,,,0x00,no,seed_unused_in_trace
packet_bridge_seeded_context_zeroed,0x36E3,0x00,0x55AD,,,no,,,0x00,no,seed_unused_in_trace
packet_bridge_seeded_context_zeroed,0x36E4,0x00,0x55AD,,,no,,,0x00,no,seed_unused_in_trace
packet_bridge_seeded_context_zeroed,0x36E5,0x00,0x55AD,,,no,,,0x00,no,seed_unused_in_trace
packet_bridge_seeded_context_zeroed,0x36E6,0x00,0x55AD,,,no,,,0x00,no,seed_unused_in_trace
packet_bridge_seeded_context_zeroed,0x36E7,0x00,0x55AD,,,no,,,0x00,no,seed_unused_in_trace
packet_bridge_seeded_context_zeroed,0x36E8,0x00,0x55AD,,,no,,,0x00,no,seed_unused_in_trace
packet_bridge_seeded_context_zeroed,0x36E9,0x00,0x55AD,,,no,,,0x00,no,seed_unused_in_trace
packet_bridge_seeded_context_zeroed,0x36EA,0x00,0x55AD,,,no,,,0x00,no,seed_unused_in_trace
packet_bridge_seeded_context_zeroed,0x36EB,0x00,0x55AD,,,no,,,0x00,no,seed_unused_in_trace
packet_bridge_seeded_context_zeroed,0x36EC,0x00,0x55AD,,,no,,,0x00,no,seed_unused_in_trace
packet_bridge_seeded_context_zeroed,0x36ED,0x00,0x55AD,868,139,no,0x00,0x00,0x00,no,seed_overwritten_before_first_read
packet_bridge_seeded_context_zeroed,0x36EE,0x00,0x55AD,,,no,,,0x00,no,seed_unused_in_trace
packet_bridge_seeded_context_zeroed,0x36EF,0x00,0x55AD,,67,no,,0x00,0x00,no,seed_overwritten_without_read
packet_bridge_seeded_context_zeroed,0x36F0,0x00,0x55AD,,425,no,,0x08,0x08,no,seed_overwritten_without_read
packet_bridge_seeded_context_zeroed,0x36F1,0x00,0x55AD,,242,no,,0x01,0x01,no,seed_overwritten_without_read
packet_bridge_seeded_context_zeroed,0x36F2,0x00,0x55AD,,768,no,,0x0F,0x0F,no,seed_overwritten_without_read
packet_bridge_seeded_context_zeroed,0x36F3,0x00,0x55AD,,771,no,,0x10,0x10,no,seed_overwritten_without_read
packet_bridge_seeded_context_zeroed,0x36F4,0x00,0x55AD,,777,no,,0x12,0x12,no,seed_overwritten_without_read
packet_bridge_seeded_context_zeroed,0x36F5,0x00,0x55AD,,774,no,,0x11,0x11,no,seed_overwritten_without_read
packet_bridge_seeded_context_zeroed,0x36F6,0x00,0x55AD,,780,no,,0x13,0x13,no,seed_overwritten_without_read
packet_bridge_seeded_context_zeroed,0x36F7,0x00,0x55AD,,783,no,,0x14,0x14,no,seed_overwritten_without_read
packet_bridge_seeded_context_zeroed,0x36F8,0x00,0x55AD,,786,no,,0x15,0x15,no,seed_overwritten_without_read
packet_bridge_seeded_context_zeroed,0x36F9,0x00,0x55AD,,789,no,,0x16,0x16,no,seed_overwritten_without_read
packet_bridge_seeded_context_zeroed,0x36FA,0x00,0x55AD,933,,yes,0x00,,0x00,no,seed_read_no_overwrite
packet_bridge_seeded_context_zeroed,0x36FB,0x00,0x55AD,865,239,no,0x01,0x01,0x01,no,seed_overwritten_before_first_read
packet_bridge_seeded_context_zeroed,0x36FC,0x00,0x55AD,,64,no,,0x00,0x00,no,seed_overwritten_without_read
packet_bridge_seeded_context_zeroed,0x36FD,0x00,0x55AD,,136,no,,0x00,0x00,no,seed_overwritten_without_read
packet_bridge_seeded_context_zeroed,0x36FE,0x00,0x55AD,,,no,,,0x00,no,seed_unused_in_trace
packet_bridge_seeded_context_zeroed,0x36FF,0x00,0x55AD,,765,no,,0x07,0x07,no,seed_overwritten_without_read
packet_bridge_seeded_context_zeroed,0x30AC,0x00,0x5602,725,85,no,0x01,0x01,0x01,no,seed_overwritten_before_first_read
packet_bridge_seeded_context_zeroed,0x30B4,0x00,0x5602,,,no,,,0x00,no,seed_unused_in_trace
packet_bridge_seeded_context_zeroed,0x30BC,0x00,0x5602,,,no,,,0x00,no,seed_unused_in_trace
packet_bridge_seeded_context_zeroed,0x30CC,0x00,0x5602,,580,no,,0x09,0x0F,no,seed_overwritten_without_read
packet_bridge_seeded_context_zeroed,0x30D4,0x00,0x5602,,237,no,,0x02,0x08,no,seed_overwritten_without_read
packet_bridge_seeded_context_zeroed,0x30E0,0x00,0x5602,,,no,,,0x00,no,seed_unused_in_trace
packet_bridge_seeded_context_zeroed,0x30E1,0x00,0x5602,,,no,,,0x00,no,seed_unused_in_trace
packet_bridge_seeded_context_zeroed,0x30E7,0x00,0x5602,,,no,,,0x00,no,seed_unused_in_trace
packet_bridge_seeded_context_zeroed,0x30E9,0x00,0x5602,,,no,,,0x00,no,seed_unused_in_trace
packet_bridge_seeded_context_zeroed,0x30EA,0x00,0x5602,,,no,,,0x00,no,seed_unused_in_trace
packet_bridge_seeded_context_zeroed,0x30EB,0x00,0x5602,,,no,,,0x00,no,seed_unused_in_trace
packet_bridge_seeded_context_zeroed,0x30EC,0x00,0x5602,,,no,,,0x00,no,seed_unused_in_trace
packet_bridge_seeded_context_zeroed,0x30ED,0x00,0x5602,,,no,,,0x00,no,seed_unused_in_trace
packet_bridge_seeded_context_zeroed,0x30EE,0x00,0x5602,973,975,yes,0x00,0x00,0x00,no,seed_read_before_write
packet_bridge_seeded_context_zeroed,0x30EF,0x00,0x5602,,,no,,,0x00,no,seed_unused_in_trace
packet_bridge_seeded_context_zeroed,0x30F0,0x00,0x5602,,,no,,,0x00,no,seed_unused_in_trace
packet_bridge_seeded_context_zeroed,0x30F1,0x00,0x5602,,,no,,,0x00,no,seed_unused_in_trace
packet_bridge_seeded_context_zeroed,0x30F2,0x00,0x5602,,,no,,,0x00,no,seed_unused_in_trace
packet_bridge_seeded_context_zeroed,0x30F3,0x00,0x5602,,,no,,,0x00,no,seed_unused_in_trace
packet_bridge_seeded_context_zeroed,0x30F4,0x00,0x5602,,,no,,,0x00,no,seed_unused_in_trace
packet_bridge_seeded_context_zeroed,0x30F5,0x00,0x5602,,,no,,,0x00,no,seed_unused_in_trace
packet_bridge_seeded_context_zeroed,0x30F6,0x00,0x5602,,,no,,,0x00,no,seed_unused_in_trace
packet_bridge_seeded_context_zeroed,0x30F7,0x00,0x5602,,,no,,,0x00,no,seed_unused_in_trace
packet_bridge_seeded_context_zeroed,0x30F8,0x00,0x5602,,,no,,,0x00,no,seed_unused_in_trace
packet_bridge_seeded_context_zeroed,0x30F9,0x00,0x5602,,,no,,,0x00,no,seed_unused_in_trace
packet_bridge_seeded_context_zeroed,0x3165,0x00,0x5602,,,no,,,0x00,no,seed_unused_in_trace
packet_bridge_seeded_context_zeroed,0x31BF,0x00,0x5602,1019,961,no,0x08,0x08,0x08,no,seed_overwritten_before_first_read
packet_bridge_seeded_context_zeroed,0x364B,0x00,0x5602,,,no,,,0x00,no,seed_unused_in_trace
packet_bridge_seeded_context_zeroed,0x36D3,0x00,0x5602,1012,,yes,0x00,,0x00,no,seed_read_no_overwrite
packet_bridge_seeded_context_zeroed,0x36D4,0x00,0x5602,,,no,,,0x00,no,seed_unused_in_trace
packet_bridge_seeded_context_zeroed,0x36D5,0x00,0x5602,,,no,,,0x00,no,seed_unused_in_trace
packet_bridge_seeded_context_zeroed,0x36D6,0x00,0x5602,,,no,,,0x00,no,seed_unused_in_trace
packet_bridge_seeded_context_zeroed,0x36D7,0x00,0x5602,,,no,,,0x00,no,seed_unused_in_trace
packet_bridge_seeded_context_zeroed,0x36D8,0x00,0x5602,,,no,,,0x00,no,seed_unused_in_trace
packet_bridge_seeded_context_zeroed,0x36D9,0x00,0x5602,,,no,,,0x00,no,seed_unused_in_trace
packet_bridge_seeded_context_zeroed,0x36DA,0x00,0x5602,,,no,,,0x00,no,seed_unused_in_trace
packet_bridge_seeded_context_zeroed,0x36DB,0x00,0x5602,,,no,,,0x00,no,seed_unused_in_trace
packet_bridge_seeded_context_zeroed,0x36DC,0x00,0x5602,,,no,,,0x00,no,seed_unused_in_trace
packet_bridge_seeded_context_zeroed,0x36DD,0x00,0x5602,,,no,,,0x00,no,seed_unused_in_trace
packet_bridge_seeded_context_zeroed,0x36DE,0x00,0x5602,,,no,,,0x00,no,seed_unused_in_trace
packet_bridge_seeded_context_zeroed,0x36DF,0x00,0x5602,,,no,,,0x00,no,seed_unused_in_trace
packet_bridge_seeded_context_zeroed,0x36E0,0x00,0x5602,,,no,,,0x00,no,seed_unused_in_trace
packet_bridge_seeded_context_zeroed,0x36E1,0x00,0x5602,,,no,,,0x00,no,seed_unused_in_trace
packet_bridge_seeded_context_zeroed,0x36E2,0x00,0x5602,,,no,,,0x00,no,seed_unused_in_trace
packet_bridge_seeded_context_zeroed,0x36E3,0x00,0x5602,,,no,,,0x00,no,seed_unused_in_trace
packet_bridge_seeded_context_zeroed,0x36E4,0x00,0x5602,,747,no,,0x00,0x00,no,seed_overwritten_without_read
packet_bridge_seeded_context_zeroed,0x36E5,0x00,0x5602,,,no,,,0x00,no,seed_unused_in_trace
packet_bridge_seeded_context_zeroed,0x36E6,0x00,0x5602,,,no,,,0x00,no,seed_unused_in_trace
packet_bridge_seeded_context_zeroed,0x36E7,0x00,0x5602,,,no,,,0x00,no,seed_unused_in_trace
packet_bridge_seeded_context_zeroed,0x36E8,0x00,0x5602,,,no,,,0x00,no,seed_unused_in_trace
packet_bridge_seeded_context_zeroed,0x36E9,0x00,0x5602,,,no,,,0x00,no,seed_unused_in_trace
packet_bridge_seeded_context_zeroed,0x36EA,0x00,0x5602,,,no,,,0x00,no,seed_unused_in_trace
packet_bridge_seeded_context_zeroed,0x36EB,0x00,0x5602,,,no,,,0x00,no,seed_unused_in_trace
packet_bridge_seeded_context_zeroed,0x36EC,0x00,0x5602,,,no,,,0x00,no,seed_unused_in_trace
packet_bridge_seeded_context_zeroed,0x36ED,0x00,0x5602,957,68,no,0x01,0x01,0x01,no,seed_overwritten_before_first_read
packet_bridge_seeded_context_zeroed,0x36EE,0x00,0x5602,,,no,,,0x00,no,seed_unused_in_trace
packet_bridge_seeded_context_zeroed,0x36EF,0x00,0x5602,,,no,,,0x00,no,seed_unused_in_trace
packet_bridge_seeded_context_zeroed,0x36F0,0x00,0x5602,,354,no,,0x09,0x09,no,seed_overwritten_without_read
packet_bridge_seeded_context_zeroed,0x36F1,0x00,0x5602,,171,no,,0x02,0x02,no,seed_overwritten_without_read
packet_bridge_seeded_context_zeroed,0x36F2,0x00,0x5602,,697,no,,0x10,0x10,no,seed_overwritten_without_read
packet_bridge_seeded_context_zeroed,0x36F3,0x00,0x5602,,700,no,,0x11,0x11,no,seed_overwritten_without_read
packet_bridge_seeded_context_zeroed,0x36F4,0x00,0x5602,,706,no,,0x13,0x13,no,seed_overwritten_without_read
packet_bridge_seeded_context_zeroed,0x36F5,0x00,0x5602,,703,no,,0x12,0x12,no,seed_overwritten_without_read
packet_bridge_seeded_context_zeroed,0x36F6,0x00,0x5602,,709,no,,0x14,0x14,no,seed_overwritten_without_read
packet_bridge_seeded_context_zeroed,0x36F7,0x00,0x5602,,712,no,,0x15,0x15,no,seed_overwritten_without_read
packet_bridge_seeded_context_zeroed,0x36F8,0x00,0x5602,,715,no,,0x16,0x16,no,seed_overwritten_without_read
packet_bridge_seeded_context_zeroed,0x36F9,0x00,0x5602,,718,no,,0x17,0x17,no,seed_overwritten_without_read
packet_bridge_seeded_context_zeroed,0x36FA,0x00,0x5602,1022,,yes,0x00,,0x00,no,seed_read_no_overwrite
packet_bridge_seeded_context_zeroed,0x36FB,0x00,0x5602,954,168,no,0x01,0x01,0x01,no,seed_overwritten_before_first_read
packet_bridge_seeded_context_zeroed,0x36FC,0x00,0x5602,,,no,,,0x00,no,seed_unused_in_trace
packet_bridge_seeded_context_zeroed,0x36FD,0x00,0x5602,,65,no,,0x00,0x00,no,seed_overwritten_without_read
packet_bridge_seeded_context_zeroed,0x36FE,0x00,0x5602,,,no,,,0x00,no,seed_unused_in_trace
packet_bridge_seeded_context_zeroed,0x36FF,0x00,0x5602,,694,no,,0x07,0x07,no,seed_overwritten_without_read
packet_bridge_seeded_context_mode_e1,0x30E0,0xE1,0x55AD,,,no,,,0xE1,no,seed_unused_in_trace
packet_bridge_seeded_context_mode_e1,0x30E1,0x01,0x55AD,,,no,,,0x01,no,seed_unused_in_trace
packet_bridge_seeded_context_mode_e1,0x30E7,0x01,0x55AD,,,no,,,0x01,no,seed_unused_in_trace
packet_bridge_seeded_context_mode_e1,0x30E9,0x01,0x55AD,,,no,,,0x01,no,seed_unused_in_trace
packet_bridge_seeded_context_mode_e1,0x30E0,0xE1,0x5602,,,no,,,0xE1,no,seed_unused_in_trace
packet_bridge_seeded_context_mode_e1,0x30E1,0x01,0x5602,,,no,,,0x01,no,seed_unused_in_trace
packet_bridge_seeded_context_mode_e1,0x30E7,0x01,0x5602,,,no,,,0x01,no,seed_unused_in_trace
packet_bridge_seeded_context_mode_e1,0x30E9,0x01,0x5602,,,no,,,0x01,no,seed_unused_in_trace
packet_bridge_seeded_context_bitmask_walk,0x36F0,0x01,0x55AD,,425,no,,0x08,0x08,no,seed_overwritten_without_read
packet_bridge_seeded_context_bitmask_walk,0x36F1,0x02,0x55AD,,242,no,,0x01,0x01,no,seed_overwritten_without_read
packet_bridge_seeded_context_bitmask_walk,0x36F2,0x04,0x55AD,,768,no,,0x0F,0x0F,no,seed_overwritten_without_read
packet_bridge_seeded_context_bitmask_walk,0x36F3,0x08,0x55AD,,771,no,,0x10,0x10,no,seed_overwritten_without_read
packet_bridge_seeded_context_bitmask_walk,0x36F4,0x10,0x55AD,,777,no,,0x12,0x12,no,seed_overwritten_without_read
packet_bridge_seeded_context_bitmask_walk,0x36F5,0x20,0x55AD,,774,no,,0x11,0x11,no,seed_overwritten_without_read
packet_bridge_seeded_context_bitmask_walk,0x36F6,0x40,0x55AD,,780,no,,0x13,0x13,no,seed_overwritten_without_read
packet_bridge_seeded_context_bitmask_walk,0x36F7,0x80,0x55AD,,783,no,,0x14,0x14,no,seed_overwritten_without_read
packet_bridge_seeded_context_bitmask_walk,0x36F8,0x55,0x55AD,,786,no,,0x15,0x15,no,seed_overwritten_without_read
packet_bridge_seeded_context_bitmask_walk,0x36F9,0xAA,0x55AD,,789,no,,0x16,0x16,no,seed_overwritten_without_read
packet_bridge_seeded_context_bitmask_walk,0x36FA,0xFF,0x55AD,933,,yes,0xFF,,0xFF,no,seed_read_no_overwrite
packet_bridge_seeded_context_bitmask_walk,0x36FB,0x00,0x55AD,865,239,no,0x01,0x01,0x01,no,seed_overwritten_before_first_read
packet_bridge_seeded_context_bitmask_walk,0x36FC,0x01,0x55AD,,64,no,,0x00,0x00,no,seed_overwritten_without_read
packet_bridge_seeded_context_bitmask_walk,0x36FD,0x02,0x55AD,,136,no,,0x00,0x00,no,seed_overwritten_without_read
packet_bridge_seeded_context_bitmask_walk,0x36FE,0x04,0x55AD,,,no,,,0x04,no,seed_unused_in_trace
packet_bridge_seeded_context_bitmask_walk,0x36FF,0x08,0x55AD,,765,no,,0x07,0x07,no,seed_overwritten_without_read
packet_bridge_seeded_context_bitmask_walk,0x36F0,0x01,0x5602,,354,no,,0x09,0x09,no,seed_overwritten_without_read
packet_bridge_seeded_context_bitmask_walk,0x36F1,0x02,0x5602,,171,no,,0x02,0x02,no,seed_overwritten_without_read
packet_bridge_seeded_context_bitmask_walk,0x36F2,0x04,0x5602,,697,no,,0x10,0x10,no,seed_overwritten_without_read
packet_bridge_seeded_context_bitmask_walk,0x36F3,0x08,0x5602,,700,no,,0x11,0x11,no,seed_overwritten_without_read
packet_bridge_seeded_context_bitmask_walk,0x36F4,0x10,0x5602,,706,no,,0x13,0x13,no,seed_overwritten_without_read
packet_bridge_seeded_context_bitmask_walk,0x36F5,0x20,0x5602,,703,no,,0x12,0x12,no,seed_overwritten_without_read
packet_bridge_seeded_context_bitmask_walk,0x36F6,0x40,0x5602,,709,no,,0x14,0x14,no,seed_overwritten_without_read
packet_bridge_seeded_context_bitmask_walk,0x36F7,0x80,0x5602,,712,no,,0x15,0x15,no,seed_overwritten_without_read
packet_bridge_seeded_context_bitmask_walk,0x36F8,0x55,0x5602,,715,no,,0x16,0x16,no,seed_overwritten_without_read
packet_bridge_seeded_context_bitmask_walk,0x36F9,0xAA,0x5602,,718,no,,0x17,0x17,no,seed_overwritten_without_read
packet_bridge_seeded_context_bitmask_walk,0x36FA,0xFF,0x5602,1022,,yes,0xFF,,0xFF,no,seed_read_no_overwrite
packet_bridge_seeded_context_bitmask_walk,0x36FB,0x00,0x5602,954,168,no,0x01,0x01,0x01,no,seed_overwritten_before_first_read
packet_bridge_seeded_context_bitmask_walk,0x36FC,0x01,0x5602,,,no,,,0x01,no,seed_unused_in_trace
packet_bridge_seeded_context_bitmask_walk,0x36FD,0x02,0x5602,,65,no,,0x00,0x00,no,seed_overwritten_without_read
packet_bridge_seeded_context_bitmask_walk,0x36FE,0x04,0x5602,,,no,,,0x04,no,seed_unused_in_trace
packet_bridge_seeded_context_bitmask_walk,0x36FF,0x08,0x5602,,694,no,,0x07,0x07,no,seed_overwritten_without_read
