file,valid_hex,chain_rank,caller_function,core_function,callee_function,caller_role,core_role,callee_role,caller_score,core_score,callee_score,chain_score,rtos_core_hits,service_flag_hits,secondary_flag_hits,confidence,notes
ppkp2001 90cye01.PZU,true,1,0x464B,0x920C,0x53E6,dispatcher_or_router,state_update_worker,dispatcher_or_router,17,11,18,46,18,124,0,probable,caller->core->callee static call chain candidate
ppkp2001 90cye01.PZU,true,2,0x4358,0x920C,0x53E6,dispatcher_or_router,state_update_worker,dispatcher_or_router,17,11,18,46,18,125,0,probable,caller->core->callee static call chain candidate
ppkp2001 90cye01.PZU,true,3,0xAB62,0x44F1,0x53E6,dispatcher_or_router,dispatcher_or_router,dispatcher_or_router,13,14,18,45,20,125,0,probable,caller->core->callee static call chain candidate
ppkp2001 90cye01.PZU,true,4,0x4358,0x6BA4,0x4358,dispatcher_or_router,unknown,dispatcher_or_router,17,10,17,44,2,5,0,probable,caller->core->callee static call chain candidate
ppkp2001 90cye01.PZU,true,5,0x464B,0x6BA4,0x4358,dispatcher_or_router,unknown,dispatcher_or_router,17,10,17,44,2,4,0,probable,caller->core->callee static call chain candidate
ppkp2001 90cye01.PZU,true,6,0x44F1,0x53E6,0x90C5,dispatcher_or_router,dispatcher_or_router,unknown,14,18,8,40,17,126,0,probable,caller->core->callee static call chain candidate
ppkp2001 90cye01.PZU,true,7,0x464B,0x4F87,0x4434,dispatcher_or_router,state_update_worker,unknown,17,14,9,40,15,16,0,probable,caller->core->callee static call chain candidate
ppkp2001 90cye01.PZU,true,8,0xAB62,0x44F1,0x6BB7,dispatcher_or_router,dispatcher_or_router,dispatcher_or_router,13,14,13,40,3,30,0,probable,caller->core->callee static call chain candidate
ppkp2001 90cye01.PZU,true,9,0xAB62,0xAB62,0x758B,dispatcher_or_router,dispatcher_or_router,dispatcher_or_router,13,13,14,40,25,0,0,probable,caller->core->callee static call chain candidate
ppkp2001 90cye01.PZU,true,10,0xAB62,0xAB62,0x44F1,dispatcher_or_router,dispatcher_or_router,dispatcher_or_router,13,13,14,40,6,5,0,probable,caller->core->callee static call chain candidate
ppkp2001 90cye01.PZU,true,11,0xAB62,0xAB62,0x7EDA,dispatcher_or_router,dispatcher_or_router,unknown,13,13,14,40,50,3,0,probable,caller->core->callee static call chain candidate
ppkp2001 90cye01.PZU,true,12,0xAB62,0x44F1,0xA3FD,dispatcher_or_router,dispatcher_or_router,dispatcher_or_router,13,14,12,39,4,5,0,probable,caller->core->callee static call chain candidate
ppkp2001 90cye01.PZU,true,13,0xAB62,0xAB62,0xAB62,dispatcher_or_router,dispatcher_or_router,dispatcher_or_router,13,13,13,39,9,0,0,probable,caller->core->callee static call chain candidate
ppkp2001 90cye01.PZU,true,14,0xAB62,0xAB62,0x7C5D,dispatcher_or_router,dispatcher_or_router,dispatcher_or_router,13,13,13,39,10,0,0,probable,caller->core->callee static call chain candidate
ppkp2001 90cye01.PZU,true,15,0x44F1,0x53E6,0x90E0,dispatcher_or_router,dispatcher_or_router,unknown,14,18,5,37,17,125,0,probable,caller->core->callee static call chain candidate
ppkp2001 90cye01.PZU,true,16,0x44F1,0x53E6,0x4A3B,dispatcher_or_router,dispatcher_or_router,dispatcher_or_router,14,18,5,37,17,125,0,probable,caller->core->callee static call chain candidate
ppkp2001 90cye01.PZU,true,17,0xAB62,0x758B,0x8FAF,dispatcher_or_router,dispatcher_or_router,dispatcher_or_router,13,14,10,37,22,4,0,probable,caller->core->callee static call chain candidate
ppkp2001 90cye01.PZU,true,18,0xAB62,0xAB62,0xA34D,dispatcher_or_router,dispatcher_or_router,state_reader_or_packet_builder,13,13,11,37,7,0,0,probable,caller->core->callee static call chain candidate
ppkp2001 90cye01.PZU,true,19,0xAB62,0xAB62,0x9407,dispatcher_or_router,dispatcher_or_router,state_update_worker,13,13,11,37,6,23,0,probable,caller->core->callee static call chain candidate
ppkp2001 90cye01.PZU,true,20,0xAB62,0x45FF,0x464B,dispatcher_or_router,state_reader_or_packet_builder,dispatcher_or_router,13,7,17,37,4,1,0,probable,caller->core->callee static call chain candidate
ppkp2001 90cye01.PZU,true,21,0x44F1,0xA3FD,0x8FAF,dispatcher_or_router,dispatcher_or_router,dispatcher_or_router,14,12,10,36,1,9,0,probable,caller->core->callee static call chain candidate
ppkp2001 90cye01.PZU,true,22,0x44F1,0x53E6,0x919E,dispatcher_or_router,dispatcher_or_router,unknown,14,18,3,35,17,125,0,probable,caller->core->callee static call chain candidate
ppkp2001 90cye01.PZU,true,23,0x44F1,0x53E6,0x4755,dispatcher_or_router,dispatcher_or_router,unknown,14,18,3,35,17,125,0,probable,caller->core->callee static call chain candidate
ppkp2001 90cye01.PZU,true,24,0x44F1,0x53E6,0x91EB,dispatcher_or_router,dispatcher_or_router,unknown,14,18,3,35,17,125,0,probable,caller->core->callee static call chain candidate
ppkp2001 90cye01.PZU,true,25,0x44F1,0x53E6,0x4781,dispatcher_or_router,dispatcher_or_router,unknown,14,18,3,35,17,125,0,probable,caller->core->callee static call chain candidate
ppkp2001 90cye01.PZU,true,26,0x464B,0x4F87,0x91A5,dispatcher_or_router,state_update_worker,unknown,17,14,4,35,5,16,0,probable,caller->core->callee static call chain candidate
ppkp2001 90cye01.PZU,true,27,0x464B,0x4F87,0x9179,dispatcher_or_router,state_update_worker,unknown,17,14,4,35,5,16,0,probable,caller->core->callee static call chain candidate
ppkp2001 90cye01.PZU,true,28,0xAB62,0x44F1,0x90C5,dispatcher_or_router,dispatcher_or_router,unknown,13,14,8,35,3,6,0,probable,caller->core->callee static call chain candidate
ppkp2001 90cye01.PZU,true,29,0xAB62,0x44F1,0x8F96,dispatcher_or_router,dispatcher_or_router,unknown,13,14,8,35,3,6,0,probable,caller->core->callee static call chain candidate
ppkp2001 90cye01.PZU,true,30,0xAB62,0xAB62,0x9B12,dispatcher_or_router,dispatcher_or_router,dispatcher_or_router,13,13,9,35,6,0,0,probable,caller->core->callee static call chain candidate
ppkp2001 90cye01.PZU,true,31,0xAB62,0x7EDA,0x7EA4,dispatcher_or_router,unknown,unknown,13,14,8,35,49,3,0,probable,caller->core->callee static call chain candidate
ppkp2001 90cye01.PZU,true,32,0x44F1,0x53E6,0x9134,dispatcher_or_router,dispatcher_or_router,unknown,14,18,2,34,17,125,0,probable,caller->core->callee static call chain candidate
ppkp2001 90cye01.PZU,true,33,0x44F1,0x53E6,0x9143,dispatcher_or_router,dispatcher_or_router,unknown,14,18,2,34,17,125,0,probable,caller->core->callee static call chain candidate
ppkp2001 90cye01.PZU,true,34,0x44F1,0x53E6,0x916D,dispatcher_or_router,dispatcher_or_router,unknown,14,18,2,34,17,125,0,probable,caller->core->callee static call chain candidate
ppkp2001 90cye01.PZU,true,35,0x44F1,0x53E6,0x49DF,dispatcher_or_router,dispatcher_or_router,unknown,14,18,2,34,17,125,0,probable,caller->core->callee static call chain candidate
ppkp2001 90cye01.PZU,true,36,0x920C,0x53E6,0x4A3B,state_update_worker,dispatcher_or_router,dispatcher_or_router,11,18,5,34,17,123,0,probable,caller->core->callee static call chain candidate
ppkp2001 90cye01.PZU,true,37,0x44F1,0x6BB7,0x8FA5,dispatcher_or_router,dispatcher_or_router,unknown,14,13,7,34,0,32,0,probable,caller->core->callee static call chain candidate
ppkp2001 90cye01.PZU,true,38,0x464B,0x4F87,0x919E,dispatcher_or_router,state_update_worker,unknown,17,14,3,34,5,16,0,probable,caller->core->callee static call chain candidate
ppkp2001 90cye01.PZU,true,39,0xAB62,0xAB62,0x4228,dispatcher_or_router,dispatcher_or_router,dispatcher_or_router,13,13,8,34,6,0,0,probable,caller->core->callee static call chain candidate
ppkp2001 90cye01.PZU,true,40,0xAB62,0xAB62,0x6699,dispatcher_or_router,dispatcher_or_router,dispatcher_or_router,13,13,8,34,6,0,0,probable,caller->core->callee static call chain candidate
ppkp2001 90cye01.PZU,true,41,0x464B,0x4F87,0x9143,dispatcher_or_router,state_update_worker,unknown,17,14,2,33,5,16,0,probable,caller->core->callee static call chain candidate
ppkp2001 90cye01.PZU,true,42,0x464B,0x4F87,0x916D,dispatcher_or_router,state_update_worker,unknown,17,14,2,33,5,16,0,probable,caller->core->callee static call chain candidate
ppkp2001 90cye01.PZU,true,43,0x464B,0x4F87,0x9134,dispatcher_or_router,state_update_worker,unknown,17,14,2,33,5,16,0,probable,caller->core->callee static call chain candidate
ppkp2001 90cye01.PZU,true,44,0xAB62,0xAB62,0xA39F,dispatcher_or_router,dispatcher_or_router,unknown,13,13,7,33,6,0,0,probable,caller->core->callee static call chain candidate
ppkp2001 90cye01.PZU,true,45,0xAB62,0xAB62,0xA99A,dispatcher_or_router,dispatcher_or_router,dispatcher_or_router,13,13,7,33,6,0,0,probable,caller->core->callee static call chain candidate
ppkp2001 90cye01.PZU,true,46,0xAB62,0xAB62,0x9A24,dispatcher_or_router,dispatcher_or_router,dispatcher_or_router,13,13,7,33,6,0,0,probable,caller->core->callee static call chain candidate
ppkp2001 90cye01.PZU,true,47,0xAB62,0xAB62,0xA833,dispatcher_or_router,dispatcher_or_router,dispatcher_or_router,13,13,7,33,6,0,0,probable,caller->core->callee static call chain candidate
ppkp2001 90cye01.PZU,true,48,0xAB62,0xAB62,0x45FF,dispatcher_or_router,dispatcher_or_router,state_reader_or_packet_builder,13,13,7,33,6,0,0,probable,caller->core->callee static call chain candidate
ppkp2001 90cye01.PZU,true,49,0xAB62,0x44F1,0x457D,dispatcher_or_router,dispatcher_or_router,unknown,13,14,5,32,3,5,0,probable,caller->core->callee static call chain candidate
ppkp2001 90cye01.PZU,true,50,0xAB62,0xAB62,0x6717,dispatcher_or_router,dispatcher_or_router,state_reader_or_packet_builder,13,13,6,32,6,0,0,probable,caller->core->callee static call chain candidate
ppkp2001 90cye01.PZU,true,51,0xAB62,0xAB62,0x677E,dispatcher_or_router,dispatcher_or_router,state_update_worker,13,13,6,32,6,0,0,probable,caller->core->callee static call chain candidate
ppkp2001 90cye01.PZU,true,52,0xAB62,0xAB62,0xAB40,dispatcher_or_router,dispatcher_or_router,state_reader_or_packet_builder,13,13,6,32,6,0,0,probable,caller->core->callee static call chain candidate
ppkp2001 90cye01.PZU,true,53,0x6BA4,0x4358,0x9275,unknown,dispatcher_or_router,dispatcher_or_router,10,17,5,32,1,3,0,probable,caller->core->callee static call chain candidate
ppkp2001 90cye01.PZU,true,54,0x44F1,0x6BB7,0x9179,dispatcher_or_router,dispatcher_or_router,unknown,14,13,4,31,0,30,0,probable,caller->core->callee static call chain candidate
ppkp2001 90cye01.PZU,true,55,0x44F1,0x6BB7,0x91A5,dispatcher_or_router,dispatcher_or_router,unknown,14,13,4,31,0,30,0,probable,caller->core->callee static call chain candidate
ppkp2001 90cye01.PZU,true,56,0xAB62,0x4228,0x8FAF,dispatcher_or_router,dispatcher_or_router,dispatcher_or_router,13,8,10,31,3,4,0,probable,caller->core->callee static call chain candidate
ppkp2001 90cye01.PZU,true,57,0x45FF,0x464B,0x47EF,state_reader_or_packet_builder,dispatcher_or_router,dispatcher_or_router,7,17,7,31,1,1,0,probable,caller->core->callee static call chain candidate
ppkp2001 90cye01.PZU,true,58,0xAB62,0xAB62,0x685A,dispatcher_or_router,dispatcher_or_router,dispatcher_or_router,13,13,5,31,6,0,0,probable,caller->core->callee static call chain candidate
ppkp2001 90cye01.PZU,true,59,0xAB62,0xAB62,0x67FE,dispatcher_or_router,dispatcher_or_router,dispatcher_or_router,13,13,5,31,6,0,0,probable,caller->core->callee static call chain candidate
ppkp2001 90cye01.PZU,true,60,0x44F1,0xA3FD,0x939D,dispatcher_or_router,dispatcher_or_router,dispatcher_or_router,14,12,5,31,1,5,0,probable,caller->core->callee static call chain candidate
ppkp2001 90cye01.PZU,true,61,0x44F1,0x6BB7,0x91EB,dispatcher_or_router,dispatcher_or_router,unknown,14,13,3,30,0,30,0,probable,caller->core->callee static call chain candidate
ppkp2001 90cye01.PZU,true,62,0xAB62,0xAB62,0xAB01,dispatcher_or_router,dispatcher_or_router,unknown,13,13,4,30,6,0,0,probable,caller->core->callee static call chain candidate
ppkp2001 90cye01.PZU,true,63,0x464B,0x920C,0x4A0F,dispatcher_or_router,state_update_worker,unknown,17,11,2,30,1,4,0,probable,caller->core->callee static call chain candidate
ppkp2001 90cye01.PZU,true,64,0x4358,0x920C,0x4A0F,dispatcher_or_router,state_update_worker,unknown,17,11,2,30,1,5,0,probable,caller->core->callee static call chain candidate
ppkp2001 90cye01.PZU,true,65,0x44F1,0x6BB7,0x916D,dispatcher_or_router,dispatcher_or_router,unknown,14,13,2,29,0,30,0,probable,caller->core->callee static call chain candidate
ppkp2001 90cye01.PZU,true,66,0x44F1,0x6BB7,0x91BB,dispatcher_or_router,dispatcher_or_router,unknown,14,13,2,29,0,30,0,probable,caller->core->callee static call chain candidate
ppkp2001 90cye01.PZU,true,67,0x44F1,0x6BB7,0x9134,dispatcher_or_router,dispatcher_or_router,unknown,14,13,2,29,0,30,0,probable,caller->core->callee static call chain candidate
ppkp2001 90cye01.PZU,true,68,0x44F1,0x6BB7,0x9143,dispatcher_or_router,dispatcher_or_router,unknown,14,13,2,29,0,30,0,probable,caller->core->callee static call chain candidate
ppkp2001 90cye01.PZU,true,69,0xAB62,0x44F1,0x4A0F,dispatcher_or_router,dispatcher_or_router,unknown,13,14,2,29,3,5,0,probable,caller->core->callee static call chain candidate
ppkp2001 90cye01.PZU,true,70,0x45FF,0x464B,0x485A,state_reader_or_packet_builder,dispatcher_or_router,dispatcher_or_router,7,17,5,29,1,1,0,probable,caller->core->callee static call chain candidate
ppkp2001 90cye01.PZU,true,71,0x45FF,0x464B,0x4A3B,state_reader_or_packet_builder,dispatcher_or_router,dispatcher_or_router,7,17,5,29,1,1,0,probable,caller->core->callee static call chain candidate
ppkp2001 90cye01.PZU,true,72,0xAB62,0x758B,0x8F9F,dispatcher_or_router,dispatcher_or_router,unknown,13,14,2,29,22,0,0,probable,caller->core->callee static call chain candidate
ppkp2001 90cye01.PZU,true,73,0xAB62,0xAB62,0xAB19,dispatcher_or_router,dispatcher_or_router,unknown,13,13,3,29,6,0,0,probable,caller->core->callee static call chain candidate
ppkp2001 90cye01.PZU,true,74,0x464B,0x920C,0x49D5,dispatcher_or_router,state_update_worker,unknown,17,11,1,29,1,4,0,probable,caller->core->callee static call chain candidate
ppkp2001 90cye01.PZU,true,75,0x464B,0x920C,0x90CD,dispatcher_or_router,state_update_worker,unknown,17,11,1,29,1,4,0,probable,caller->core->callee static call chain candidate
ppkp2001 90cye01.PZU,true,76,0x4358,0x920C,0x49D5,dispatcher_or_router,state_update_worker,unknown,17,11,1,29,1,5,0,probable,caller->core->callee static call chain candidate
ppkp2001 90cye01.PZU,true,77,0x4358,0x920C,0x90CD,dispatcher_or_router,state_update_worker,unknown,17,11,1,29,1,5,0,probable,caller->core->callee static call chain candidate
ppkp2001 90cye01.PZU,true,78,0x464B,0x47EF,0x47AD,dispatcher_or_router,dispatcher_or_router,unknown,17,7,5,29,1,1,0,probable,caller->core->callee static call chain candidate
ppkp2001 90cye01.PZU,true,79,0x44F1,0x6BB7,0x8F8C,dispatcher_or_router,dispatcher_or_router,unknown,14,13,1,28,0,30,0,probable,caller->core->callee static call chain candidate
ppkp2001 90cye01.PZU,true,80,0xAB62,0x9B12,0x9C3C,dispatcher_or_router,dispatcher_or_router,unknown,13,9,6,28,3,0,0,probable,caller->core->callee static call chain candidate
ppkp2001 90cye01.PZU,true,81,0xAB62,0x7C5D,0x49DF,dispatcher_or_router,dispatcher_or_router,unknown,13,13,2,28,7,0,0,probable,caller->core->callee static call chain candidate
ppkp2001 90cye01.PZU,true,82,0xAB62,0x44F1,0x49D5,dispatcher_or_router,dispatcher_or_router,unknown,13,14,1,28,3,5,0,probable,caller->core->callee static call chain candidate
ppkp2001 90cye01.PZU,true,83,0xAB62,0x44F1,0x8F8C,dispatcher_or_router,dispatcher_or_router,unknown,13,14,1,28,3,5,0,probable,caller->core->callee static call chain candidate
ppkp2001 90cye01.PZU,true,84,0xAB62,0x758B,0x8F8C,dispatcher_or_router,dispatcher_or_router,unknown,13,14,1,28,22,0,0,probable,caller->core->callee static call chain candidate
ppkp2001 90cye01.PZU,true,85,0xAB62,0xAB62,0x9111,dispatcher_or_router,dispatcher_or_router,unknown,13,13,2,28,6,0,0,probable,caller->core->callee static call chain candidate
ppkp2001 90cye01.PZU,true,86,0xAB62,0xAB62,0x68D1,dispatcher_or_router,dispatcher_or_router,unknown,13,13,2,28,6,0,0,probable,caller->core->callee static call chain candidate
ppkp2001 90cye01.PZU,true,87,0xAB62,0xAB62,0xACF9,dispatcher_or_router,dispatcher_or_router,unknown,13,13,2,28,6,0,0,probable,caller->core->callee static call chain candidate
ppkp2001 90cye01.PZU,true,88,0xAB62,0x9B12,0x9C4E,dispatcher_or_router,dispatcher_or_router,unknown,13,9,5,27,3,0,0,probable,caller->core->callee static call chain candidate
ppkp2001 90cye01.PZU,true,89,0x44F1,0xA3FD,0x8F8C,dispatcher_or_router,dispatcher_or_router,unknown,14,12,1,27,1,5,0,probable,caller->core->callee static call chain candidate
ppkp2001 90cye01.PZU,true,90,0x44F1,0xA3FD,0x90D1,dispatcher_or_router,dispatcher_or_router,unknown,14,12,1,27,1,5,0,probable,caller->core->callee static call chain candidate
ppkp2001 90cye01.PZU,true,91,0x44F1,0xA3FD,0xA3F0,dispatcher_or_router,dispatcher_or_router,unknown,14,12,1,27,1,5,0,probable,caller->core->callee static call chain candidate
ppkp2001 90cye01.PZU,true,92,0x464B,0x47EF,0x47D2,dispatcher_or_router,dispatcher_or_router,unknown,17,7,3,27,1,1,0,probable,caller->core->callee static call chain candidate
ppkp2001 90cye01.PZU,true,93,0xAB62,0x9B12,0x9C72,dispatcher_or_router,dispatcher_or_router,unknown,13,9,3,25,3,0,0,probable,caller->core->callee static call chain candidate
ppkp2001 90cye01.PZU,true,94,0xAB19,0x4358,0x9275,unknown,dispatcher_or_router,dispatcher_or_router,3,17,5,25,1,2,0,probable,caller->core->callee static call chain candidate
ppkp2001 90cye01.PZU,true,95,0x4641,0x4358,0x9275,unknown,dispatcher_or_router,dispatcher_or_router,3,17,5,25,1,2,0,probable,caller->core->callee static call chain candidate
ppkp2001 90cye01.PZU,true,96,0x464B,0x47EF,0x8F8C,dispatcher_or_router,dispatcher_or_router,unknown,17,7,1,25,1,1,0,probable,caller->core->callee static call chain candidate
ppkp2001 90cye01.PZU,true,97,0xAB62,0x9B12,0x9C0F,dispatcher_or_router,dispatcher_or_router,unknown,13,9,2,24,3,0,0,probable,caller->core->callee static call chain candidate
ppkp2001 90cye01.PZU,true,98,0xAB62,0x9B12,0x9BE2,dispatcher_or_router,dispatcher_or_router,unknown,13,9,2,24,3,0,0,probable,caller->core->callee static call chain candidate
ppkp2001 90cye01.PZU,true,99,0xAB62,0x45FF,0x4641,dispatcher_or_router,state_reader_or_packet_builder,unknown,13,7,3,23,3,0,0,hypothesis,caller->core->callee static call chain candidate
ppkp2001 90cye01.PZU,true,100,0xAB62,0x9A24,0x9C99,dispatcher_or_router,dispatcher_or_router,unknown,13,7,3,23,3,0,0,hypothesis,caller->core->callee static call chain candidate
ppkp2001 90cye01.PZU,true,101,0xAB62,0x4228,0x8F8C,dispatcher_or_router,dispatcher_or_router,unknown,13,8,1,22,3,0,0,hypothesis,caller->core->callee static call chain candidate
ppkp2001 90cye01.PZU,true,102,0xAB62,0x9A24,0x8F5C,dispatcher_or_router,dispatcher_or_router,unknown,13,7,2,22,3,0,0,hypothesis,caller->core->callee static call chain candidate
ppkp2001 90cye01.PZU,true,103,0xAB62,0x9A24,0x8F74,dispatcher_or_router,dispatcher_or_router,unknown,13,7,2,22,3,0,0,hypothesis,caller->core->callee static call chain candidate
ppkp2001 90cye01.PZU,true,104,0xAB62,0x6699,0x8F8C,dispatcher_or_router,dispatcher_or_router,unknown,13,8,1,22,3,0,0,hypothesis,caller->core->callee static call chain candidate
ppkp2001 90cye01.PZU,true,105,0xAB62,0x6699,0x90D1,dispatcher_or_router,dispatcher_or_router,unknown,13,8,1,22,3,0,0,hypothesis,caller->core->callee static call chain candidate
ppkp2001 90cye01.PZU,true,106,0xAB62,0x677E,0x67F4,dispatcher_or_router,state_update_worker,unknown,13,6,3,22,3,0,0,hypothesis,caller->core->callee static call chain candidate
ppkp2001 90cye01.PZU,true,107,0xAB62,0xA833,0x8F8C,dispatcher_or_router,dispatcher_or_router,unknown,13,7,1,21,3,0,0,hypothesis,caller->core->callee static call chain candidate
ppkp2001 90cye01.PZU,true,108,0xAB62,0xA833,0x90D1,dispatcher_or_router,dispatcher_or_router,unknown,13,7,1,21,3,0,0,hypothesis,caller->core->callee static call chain candidate
ppkp2001 90cye01.PZU,true,109,0xAB62,0xA99A,0x8F8C,dispatcher_or_router,dispatcher_or_router,unknown,13,7,1,21,3,0,0,hypothesis,caller->core->callee static call chain candidate
ppkp2001 90cye01.PZU,true,110,0xAB62,0xA99A,0x90D1,dispatcher_or_router,dispatcher_or_router,unknown,13,7,1,21,3,0,0,hypothesis,caller->core->callee static call chain candidate
ppkp2001 90cye01.PZU,true,111,0x6BB7,0x9179,0x91A5,dispatcher_or_router,unknown,unknown,13,4,4,21,0,25,0,hypothesis,caller->core->callee static call chain candidate
ppkp2001 90cye01.PZU,true,112,0xAB62,0x6717,0x8F8C,dispatcher_or_router,state_reader_or_packet_builder,unknown,13,6,1,20,3,0,0,hypothesis,caller->core->callee static call chain candidate
ppkp2001 90cye01.PZU,true,113,0xAB62,0x6717,0x9160,dispatcher_or_router,state_reader_or_packet_builder,unknown,13,6,1,20,3,0,0,hypothesis,caller->core->callee static call chain candidate
ppkp2001 90cye01.PZU,true,114,0x6BB7,0x9179,0x919E,dispatcher_or_router,unknown,unknown,13,4,3,20,0,25,0,hypothesis,caller->core->callee static call chain candidate
ppkp2001 90cye01.PZU,true,115,0xAB62,0xAB01,0x911C,dispatcher_or_router,unknown,unknown,13,4,2,19,3,0,0,hypothesis,caller->core->callee static call chain candidate
ppkp2001 90cye01.PZU,true,116,0x6BB7,0x91A5,0x8F8C,dispatcher_or_router,unknown,unknown,13,4,1,18,0,25,0,hypothesis,caller->core->callee static call chain candidate
ppkp2012 a01.PZU,false,1,0x4658,0x9920,0x5436,dispatcher_or_router,state_update_worker,dispatcher_or_router,17,11,18,46,18,122,0,hypothesis,caller->core->callee static call chain candidate
ppkp2012 a01.PZU,false,2,0x4358,0x9920,0x5436,dispatcher_or_router,state_update_worker,dispatcher_or_router,17,11,18,46,18,123,0,hypothesis,caller->core->callee static call chain candidate
ppkp2012 a01.PZU,false,3,0xB606,0x44FE,0x5436,dispatcher_or_router,dispatcher_or_router,dispatcher_or_router,13,14,18,45,20,123,0,hypothesis,caller->core->callee static call chain candidate
ppkp2012 a01.PZU,false,4,0x4658,0x6C28,0x4358,dispatcher_or_router,unknown,dispatcher_or_router,17,10,17,44,2,4,0,hypothesis,caller->core->callee static call chain candidate
ppkp2012 a01.PZU,false,5,0x4358,0x6C28,0x4358,dispatcher_or_router,unknown,dispatcher_or_router,17,10,17,44,2,5,0,hypothesis,caller->core->callee static call chain candidate
ppkp2012 a01.PZU,false,6,0xB606,0xB606,0x84FA,dispatcher_or_router,dispatcher_or_router,state_reader_or_packet_builder,13,13,16,42,50,3,0,hypothesis,caller->core->callee static call chain candidate
ppkp2012 a01.PZU,false,7,0xB606,0xB606,0x44FE,dispatcher_or_router,dispatcher_or_router,dispatcher_or_router,13,13,14,40,6,5,0,hypothesis,caller->core->callee static call chain candidate
ppkp2012 a01.PZU,false,8,0x4658,0x4FE9,0x4441,dispatcher_or_router,unknown,unknown,17,14,9,40,15,15,0,hypothesis,caller->core->callee static call chain candidate
ppkp2012 a01.PZU,false,9,0x44FE,0x5436,0x97D9,dispatcher_or_router,dispatcher_or_router,unknown,14,18,8,40,17,124,0,hypothesis,caller->core->callee static call chain candidate
ppkp2012 a01.PZU,false,10,0xB606,0x44FE,0x6C3B,dispatcher_or_router,dispatcher_or_router,dispatcher_or_router,13,14,13,40,3,27,0,hypothesis,caller->core->callee static call chain candidate
ppkp2012 a01.PZU,false,11,0xB606,0xB606,0x8216,dispatcher_or_router,dispatcher_or_router,dispatcher_or_router,13,13,13,39,10,0,0,hypothesis,caller->core->callee static call chain candidate
ppkp2012 a01.PZU,false,12,0xB606,0xB606,0xB606,dispatcher_or_router,dispatcher_or_router,dispatcher_or_router,13,13,13,39,9,0,0,hypothesis,caller->core->callee static call chain candidate
ppkp2012 a01.PZU,false,13,0xB606,0x44FE,0xAB52,dispatcher_or_router,dispatcher_or_router,dispatcher_or_router,13,14,12,39,4,5,0,hypothesis,caller->core->callee static call chain candidate
ppkp2012 a01.PZU,false,14,0xB606,0xB606,0x9B4F,dispatcher_or_router,dispatcher_or_router,state_update_worker,13,13,11,37,6,21,0,hypothesis,caller->core->callee static call chain candidate
ppkp2012 a01.PZU,false,15,0xB606,0xB606,0xAA18,dispatcher_or_router,dispatcher_or_router,state_reader_or_packet_builder,13,13,11,37,7,0,0,hypothesis,caller->core->callee static call chain candidate
ppkp2012 a01.PZU,false,16,0xB606,0x460C,0x4658,dispatcher_or_router,state_reader_or_packet_builder,dispatcher_or_router,13,7,17,37,4,1,0,hypothesis,caller->core->callee static call chain candidate
ppkp2012 a01.PZU,false,17,0xB606,0x84FA,0x84C4,dispatcher_or_router,state_reader_or_packet_builder,unknown,13,16,8,37,49,3,0,hypothesis,caller->core->callee static call chain candidate
ppkp2012 a01.PZU,false,18,0x44FE,0x5436,0x4A9E,dispatcher_or_router,dispatcher_or_router,dispatcher_or_router,14,18,5,37,17,123,0,hypothesis,caller->core->callee static call chain candidate
ppkp2012 a01.PZU,false,19,0x44FE,0x5436,0x97F4,dispatcher_or_router,dispatcher_or_router,unknown,14,18,5,37,17,123,0,hypothesis,caller->core->callee static call chain candidate
ppkp2012 a01.PZU,false,20,0x44FE,0xAB52,0x95D3,dispatcher_or_router,dispatcher_or_router,dispatcher_or_router,14,12,10,36,1,9,0,hypothesis,caller->core->callee static call chain candidate
ppkp2012 a01.PZU,false,21,0xB606,0xB606,0x75F7,dispatcher_or_router,dispatcher_or_router,dispatcher_or_router,13,13,10,36,6,0,0,hypothesis,caller->core->callee static call chain candidate
ppkp2012 a01.PZU,false,22,0xB606,0xB606,0xA1DD,dispatcher_or_router,dispatcher_or_router,dispatcher_or_router,13,13,9,35,6,0,0,hypothesis,caller->core->callee static call chain candidate
ppkp2012 a01.PZU,false,23,0xB606,0xB606,0xAAA4,dispatcher_or_router,dispatcher_or_router,dispatcher_or_router,13,13,9,35,6,0,0,hypothesis,caller->core->callee static call chain candidate
ppkp2012 a01.PZU,false,24,0x4658,0x4FE9,0x988D,dispatcher_or_router,unknown,unknown,17,14,4,35,5,15,0,hypothesis,caller->core->callee static call chain candidate
ppkp2012 a01.PZU,false,25,0x4658,0x4FE9,0x98B9,dispatcher_or_router,unknown,unknown,17,14,4,35,5,15,0,hypothesis,caller->core->callee static call chain candidate
ppkp2012 a01.PZU,false,26,0x44FE,0x5436,0x47D2,dispatcher_or_router,dispatcher_or_router,unknown,14,18,3,35,17,123,0,hypothesis,caller->core->callee static call chain candidate
ppkp2012 a01.PZU,false,27,0x44FE,0x5436,0x98FF,dispatcher_or_router,dispatcher_or_router,unknown,14,18,3,35,17,123,0,hypothesis,caller->core->callee static call chain candidate
ppkp2012 a01.PZU,false,28,0x44FE,0x5436,0x47A6,dispatcher_or_router,dispatcher_or_router,unknown,14,18,3,35,17,123,0,hypothesis,caller->core->callee static call chain candidate
ppkp2012 a01.PZU,false,29,0x44FE,0x5436,0x98B2,dispatcher_or_router,dispatcher_or_router,unknown,14,18,3,35,17,123,0,hypothesis,caller->core->callee static call chain candidate
ppkp2012 a01.PZU,false,30,0xB606,0x44FE,0x95BA,dispatcher_or_router,dispatcher_or_router,unknown,13,14,8,35,3,6,0,hypothesis,caller->core->callee static call chain candidate
ppkp2012 a01.PZU,false,31,0xB606,0x44FE,0x97D9,dispatcher_or_router,dispatcher_or_router,unknown,13,14,8,35,3,6,0,hypothesis,caller->core->callee static call chain candidate
ppkp2012 a01.PZU,false,32,0xB606,0xB606,0x6743,dispatcher_or_router,dispatcher_or_router,dispatcher_or_router,13,13,8,34,6,0,0,hypothesis,caller->core->callee static call chain candidate
ppkp2012 a01.PZU,false,33,0xB606,0xB606,0x4228,dispatcher_or_router,dispatcher_or_router,dispatcher_or_router,13,13,8,34,6,0,0,hypothesis,caller->core->callee static call chain candidate
ppkp2012 a01.PZU,false,34,0x4658,0x4FE9,0x98B2,dispatcher_or_router,unknown,unknown,17,14,3,34,5,15,0,hypothesis,caller->core->callee static call chain candidate
ppkp2012 a01.PZU,false,35,0x44FE,0x6C3B,0x95C9,dispatcher_or_router,dispatcher_or_router,unknown,14,13,7,34,0,29,0,hypothesis,caller->core->callee static call chain candidate
ppkp2012 a01.PZU,false,36,0x44FE,0x5436,0x9848,dispatcher_or_router,dispatcher_or_router,unknown,14,18,2,34,17,123,0,hypothesis,caller->core->callee static call chain candidate
ppkp2012 a01.PZU,false,37,0x44FE,0x5436,0x9881,dispatcher_or_router,dispatcher_or_router,unknown,14,18,2,34,17,123,0,hypothesis,caller->core->callee static call chain candidate
ppkp2012 a01.PZU,false,38,0x44FE,0x5436,0x4A42,dispatcher_or_router,dispatcher_or_router,unknown,14,18,2,34,17,123,0,hypothesis,caller->core->callee static call chain candidate
ppkp2012 a01.PZU,false,39,0x44FE,0x5436,0x9857,dispatcher_or_router,dispatcher_or_router,unknown,14,18,2,34,17,123,0,hypothesis,caller->core->callee static call chain candidate
ppkp2012 a01.PZU,false,40,0x9920,0x5436,0x4A9E,state_update_worker,dispatcher_or_router,dispatcher_or_router,11,18,5,34,17,121,0,hypothesis,caller->core->callee static call chain candidate
ppkp2012 a01.PZU,false,41,0xB606,0x75F7,0x95D3,dispatcher_or_router,dispatcher_or_router,dispatcher_or_router,13,10,10,33,3,4,0,hypothesis,caller->core->callee static call chain candidate
ppkp2012 a01.PZU,false,42,0xB606,0xB606,0xB15E,dispatcher_or_router,dispatcher_or_router,dispatcher_or_router,13,13,7,33,6,0,0,hypothesis,caller->core->callee static call chain candidate
ppkp2012 a01.PZU,false,43,0xB606,0xB606,0x460C,dispatcher_or_router,dispatcher_or_router,state_reader_or_packet_builder,13,13,7,33,6,0,0,hypothesis,caller->core->callee static call chain candidate
ppkp2012 a01.PZU,false,44,0xB606,0xB606,0xA0EF,dispatcher_or_router,dispatcher_or_router,dispatcher_or_router,13,13,7,33,6,0,0,hypothesis,caller->core->callee static call chain candidate
ppkp2012 a01.PZU,false,45,0xB606,0xB606,0xAFF7,dispatcher_or_router,dispatcher_or_router,dispatcher_or_router,13,13,7,33,6,0,0,hypothesis,caller->core->callee static call chain candidate
ppkp2012 a01.PZU,false,46,0xB606,0xB606,0xB2C5,dispatcher_or_router,dispatcher_or_router,dispatcher_or_router,13,13,7,33,6,0,0,hypothesis,caller->core->callee static call chain candidate
ppkp2012 a01.PZU,false,47,0xB606,0xB606,0xB42C,dispatcher_or_router,dispatcher_or_router,dispatcher_or_router,13,13,7,33,6,0,0,hypothesis,caller->core->callee static call chain candidate
ppkp2012 a01.PZU,false,48,0x4658,0x4FE9,0x9857,dispatcher_or_router,unknown,unknown,17,14,2,33,5,15,0,hypothesis,caller->core->callee static call chain candidate
ppkp2012 a01.PZU,false,49,0x4658,0x4FE9,0x9848,dispatcher_or_router,unknown,unknown,17,14,2,33,5,15,0,hypothesis,caller->core->callee static call chain candidate
ppkp2012 a01.PZU,false,50,0x4658,0x4FE9,0x9881,dispatcher_or_router,unknown,unknown,17,14,2,33,5,15,0,hypothesis,caller->core->callee static call chain candidate
ppkp2012 a01.PZU,false,51,0xB606,0xB606,0xB5D2,dispatcher_or_router,dispatcher_or_router,state_reader_or_packet_builder,13,13,6,32,6,0,0,hypothesis,caller->core->callee static call chain candidate
ppkp2012 a01.PZU,false,52,0xB606,0xB606,0x67C4,dispatcher_or_router,dispatcher_or_router,state_update_worker,13,13,6,32,6,0,0,hypothesis,caller->core->callee static call chain candidate
ppkp2012 a01.PZU,false,53,0x6C28,0x4358,0x9989,unknown,dispatcher_or_router,dispatcher_or_router,10,17,5,32,1,3,0,hypothesis,caller->core->callee static call chain candidate
ppkp2012 a01.PZU,false,54,0xB606,0x44FE,0x458A,dispatcher_or_router,dispatcher_or_router,unknown,13,14,5,32,3,5,0,hypothesis,caller->core->callee static call chain candidate
ppkp2012 a01.PZU,false,55,0x44FE,0xAB52,0x9AE5,dispatcher_or_router,dispatcher_or_router,dispatcher_or_router,14,12,5,31,1,5,0,hypothesis,caller->core->callee static call chain candidate
ppkp2012 a01.PZU,false,56,0xB606,0xB606,0x68BE,dispatcher_or_router,dispatcher_or_router,dispatcher_or_router,13,13,5,31,6,0,0,hypothesis,caller->core->callee static call chain candidate
ppkp2012 a01.PZU,false,57,0xB606,0xB606,0x6844,dispatcher_or_router,dispatcher_or_router,dispatcher_or_router,13,13,5,31,6,0,0,hypothesis,caller->core->callee static call chain candidate
ppkp2012 a01.PZU,false,58,0xB606,0x4228,0x95D3,dispatcher_or_router,dispatcher_or_router,dispatcher_or_router,13,8,10,31,3,4,0,hypothesis,caller->core->callee static call chain candidate
ppkp2012 a01.PZU,false,59,0x460C,0x4658,0x4840,state_reader_or_packet_builder,dispatcher_or_router,dispatcher_or_router,7,17,7,31,1,1,0,hypothesis,caller->core->callee static call chain candidate
ppkp2012 a01.PZU,false,60,0x44FE,0x6C3B,0x98B9,dispatcher_or_router,dispatcher_or_router,unknown,14,13,4,31,0,27,0,hypothesis,caller->core->callee static call chain candidate
ppkp2012 a01.PZU,false,61,0x44FE,0x6C3B,0x988D,dispatcher_or_router,dispatcher_or_router,unknown,14,13,4,31,0,27,0,hypothesis,caller->core->callee static call chain candidate
ppkp2012 a01.PZU,false,62,0xB606,0x75F7,0x75F0,dispatcher_or_router,dispatcher_or_router,unknown,13,10,7,30,4,0,0,hypothesis,caller->core->callee static call chain candidate
ppkp2012 a01.PZU,false,63,0xB606,0xB606,0xB593,dispatcher_or_router,dispatcher_or_router,unknown,13,13,4,30,6,0,0,hypothesis,caller->core->callee static call chain candidate
ppkp2012 a01.PZU,false,64,0x44FE,0x6C3B,0x98F9,dispatcher_or_router,dispatcher_or_router,unknown,14,13,3,30,0,27,0,hypothesis,caller->core->callee static call chain candidate
ppkp2012 a01.PZU,false,65,0x44FE,0x6C3B,0x98FF,dispatcher_or_router,dispatcher_or_router,unknown,14,13,3,30,0,27,0,hypothesis,caller->core->callee static call chain candidate
ppkp2012 a01.PZU,false,66,0x4658,0x9920,0x4A72,dispatcher_or_router,state_update_worker,unknown,17,11,2,30,1,4,0,hypothesis,caller->core->callee static call chain candidate
ppkp2012 a01.PZU,false,67,0x4358,0x9920,0x4A72,dispatcher_or_router,state_update_worker,unknown,17,11,2,30,1,5,0,hypothesis,caller->core->callee static call chain candidate
ppkp2012 a01.PZU,false,68,0xB606,0xB606,0xB5AB,dispatcher_or_router,dispatcher_or_router,unknown,13,13,3,29,6,0,0,hypothesis,caller->core->callee static call chain candidate
ppkp2012 a01.PZU,false,69,0x460C,0x4658,0x48AB,state_reader_or_packet_builder,dispatcher_or_router,dispatcher_or_router,7,17,5,29,1,1,0,hypothesis,caller->core->callee static call chain candidate
ppkp2012 a01.PZU,false,70,0x460C,0x4658,0x4A9E,state_reader_or_packet_builder,dispatcher_or_router,dispatcher_or_router,7,17,5,29,1,1,0,hypothesis,caller->core->callee static call chain candidate
ppkp2012 a01.PZU,false,71,0x44FE,0x6C3B,0x98CF,dispatcher_or_router,dispatcher_or_router,unknown,14,13,2,29,0,27,0,hypothesis,caller->core->callee static call chain candidate
ppkp2012 a01.PZU,false,72,0x44FE,0x6C3B,0x9857,dispatcher_or_router,dispatcher_or_router,unknown,14,13,2,29,0,27,0,hypothesis,caller->core->callee static call chain candidate
ppkp2012 a01.PZU,false,73,0x44FE,0x6C3B,0x9913,dispatcher_or_router,dispatcher_or_router,unknown,14,13,2,29,0,27,0,hypothesis,caller->core->callee static call chain candidate
ppkp2012 a01.PZU,false,74,0x44FE,0x6C3B,0x9848,dispatcher_or_router,dispatcher_or_router,unknown,14,13,2,29,0,27,0,hypothesis,caller->core->callee static call chain candidate
ppkp2012 a01.PZU,false,75,0x44FE,0x6C3B,0x9881,dispatcher_or_router,dispatcher_or_router,unknown,14,13,2,29,0,27,0,hypothesis,caller->core->callee static call chain candidate
ppkp2012 a01.PZU,false,76,0x6C28,0x4358,0x49DA,unknown,dispatcher_or_router,unknown,10,17,2,29,1,3,0,hypothesis,caller->core->callee static call chain candidate
ppkp2012 a01.PZU,false,77,0x4658,0x9920,0x4A38,dispatcher_or_router,state_update_worker,unknown,17,11,1,29,1,4,0,hypothesis,caller->core->callee static call chain candidate
ppkp2012 a01.PZU,false,78,0x4658,0x9920,0x97E1,dispatcher_or_router,state_update_worker,unknown,17,11,1,29,1,4,0,hypothesis,caller->core->callee static call chain candidate
ppkp2012 a01.PZU,false,79,0x4358,0x9920,0x4A38,dispatcher_or_router,state_update_worker,unknown,17,11,1,29,1,5,0,hypothesis,caller->core->callee static call chain candidate
ppkp2012 a01.PZU,false,80,0x4358,0x9920,0x97E1,dispatcher_or_router,state_update_worker,unknown,17,11,1,29,1,5,0,hypothesis,caller->core->callee static call chain candidate
ppkp2012 a01.PZU,false,81,0xB606,0x44FE,0x4A72,dispatcher_or_router,dispatcher_or_router,unknown,13,14,2,29,3,5,0,hypothesis,caller->core->callee static call chain candidate
ppkp2012 a01.PZU,false,82,0x4658,0x4840,0x47FE,dispatcher_or_router,dispatcher_or_router,unknown,17,7,5,29,1,1,0,hypothesis,caller->core->callee static call chain candidate
ppkp2012 a01.PZU,false,83,0xB606,0xA1DD,0xA307,dispatcher_or_router,dispatcher_or_router,unknown,13,9,6,28,3,0,0,hypothesis,caller->core->callee static call chain candidate
ppkp2012 a01.PZU,false,84,0xB606,0xB606,0x673E,dispatcher_or_router,dispatcher_or_router,unknown,13,13,2,28,6,0,0,hypothesis,caller->core->callee static call chain candidate
ppkp2012 a01.PZU,false,85,0xB606,0xB606,0x6935,dispatcher_or_router,dispatcher_or_router,unknown,13,13,2,28,6,0,0,hypothesis,caller->core->callee static call chain candidate
ppkp2012 a01.PZU,false,86,0xB606,0xB606,0x6734,dispatcher_or_router,dispatcher_or_router,unknown,13,13,2,28,6,0,0,hypothesis,caller->core->callee static call chain candidate
ppkp2012 a01.PZU,false,87,0xB606,0xB606,0x9825,dispatcher_or_router,dispatcher_or_router,unknown,13,13,2,28,6,0,0,hypothesis,caller->core->callee static call chain candidate
ppkp2012 a01.PZU,false,88,0xB606,0xB606,0xB7D5,dispatcher_or_router,dispatcher_or_router,unknown,13,13,2,28,6,0,0,hypothesis,caller->core->callee static call chain candidate
ppkp2012 a01.PZU,false,89,0xB606,0xB606,0x6739,dispatcher_or_router,dispatcher_or_router,unknown,13,13,2,28,6,0,0,hypothesis,caller->core->callee static call chain candidate
ppkp2012 a01.PZU,false,90,0xB606,0x8216,0x4A42,dispatcher_or_router,dispatcher_or_router,unknown,13,13,2,28,7,0,0,hypothesis,caller->core->callee static call chain candidate
ppkp2012 a01.PZU,false,91,0x44FE,0x6C3B,0x95B0,dispatcher_or_router,dispatcher_or_router,unknown,14,13,1,28,0,27,0,hypothesis,caller->core->callee static call chain candidate
ppkp2012 a01.PZU,false,92,0x44FE,0x6C3B,0x98B7,dispatcher_or_router,dispatcher_or_router,unknown,14,13,1,28,0,27,0,hypothesis,caller->core->callee static call chain candidate
ppkp2012 a01.PZU,false,93,0xB606,0x44FE,0x4A38,dispatcher_or_router,dispatcher_or_router,unknown,13,14,1,28,3,5,0,hypothesis,caller->core->callee static call chain candidate
ppkp2012 a01.PZU,false,94,0xB606,0x44FE,0x95B0,dispatcher_or_router,dispatcher_or_router,unknown,13,14,1,28,3,5,0,hypothesis,caller->core->callee static call chain candidate
ppkp2012 a01.PZU,false,95,0x44FE,0xAB52,0x97E5,dispatcher_or_router,dispatcher_or_router,unknown,14,12,1,27,1,5,0,hypothesis,caller->core->callee static call chain candidate
ppkp2012 a01.PZU,false,96,0x44FE,0xAB52,0xAB45,dispatcher_or_router,dispatcher_or_router,unknown,14,12,1,27,1,5,0,hypothesis,caller->core->callee static call chain candidate
ppkp2012 a01.PZU,false,97,0x44FE,0xAB52,0x95B0,dispatcher_or_router,dispatcher_or_router,unknown,14,12,1,27,1,5,0,hypothesis,caller->core->callee static call chain candidate
ppkp2012 a01.PZU,false,98,0xB606,0xA1DD,0xA319,dispatcher_or_router,dispatcher_or_router,unknown,13,9,5,27,3,0,0,hypothesis,caller->core->callee static call chain candidate
ppkp2012 a01.PZU,false,99,0x4658,0x4840,0x4823,dispatcher_or_router,dispatcher_or_router,unknown,17,7,3,27,1,1,0,hypothesis,caller->core->callee static call chain candidate
ppkp2012 a01.PZU,false,100,0x460C,0x4658,0x49DA,state_reader_or_packet_builder,dispatcher_or_router,unknown,7,17,2,26,1,1,0,hypothesis,caller->core->callee static call chain candidate
ppkp2012 a01.PZU,false,101,0xB606,0xA1DD,0xA33D,dispatcher_or_router,dispatcher_or_router,unknown,13,9,3,25,3,0,0,hypothesis,caller->core->callee static call chain candidate
ppkp2012 a01.PZU,false,102,0xB5AB,0x4358,0x9989,unknown,dispatcher_or_router,dispatcher_or_router,3,17,5,25,1,2,0,hypothesis,caller->core->callee static call chain candidate
ppkp2012 a01.PZU,false,103,0x464E,0x4358,0x9989,unknown,dispatcher_or_router,dispatcher_or_router,3,17,5,25,1,2,0,hypothesis,caller->core->callee static call chain candidate
ppkp2012 a01.PZU,false,104,0x4658,0x4840,0x95B0,dispatcher_or_router,dispatcher_or_router,unknown,17,7,1,25,1,1,0,hypothesis,caller->core->callee static call chain candidate
ppkp2012 a01.PZU,false,105,0xB606,0x75F7,0x95B0,dispatcher_or_router,dispatcher_or_router,unknown,13,10,1,24,3,0,0,hypothesis,caller->core->callee static call chain candidate
ppkp2012 a01.PZU,false,106,0xB606,0xA1DD,0xA2AD,dispatcher_or_router,dispatcher_or_router,unknown,13,9,2,24,3,0,0,hypothesis,caller->core->callee static call chain candidate
ppkp2012 a01.PZU,false,107,0xB606,0xA1DD,0xA2DA,dispatcher_or_router,dispatcher_or_router,unknown,13,9,2,24,3,0,0,hypothesis,caller->core->callee static call chain candidate
ppkp2012 a01.PZU,false,108,0xB606,0xA0EF,0xA364,dispatcher_or_router,dispatcher_or_router,unknown,13,7,3,23,3,0,0,hypothesis,caller->core->callee static call chain candidate
ppkp2012 a01.PZU,false,109,0xB606,0x460C,0x464E,dispatcher_or_router,state_reader_or_packet_builder,unknown,13,7,3,23,3,0,0,hypothesis,caller->core->callee static call chain candidate
ppkp2012 a01.PZU,false,110,0xB606,0xA0EF,0x9598,dispatcher_or_router,dispatcher_or_router,unknown,13,7,2,22,3,0,0,hypothesis,caller->core->callee static call chain candidate
ppkp2012 a01.PZU,false,111,0xB606,0xA0EF,0x9580,dispatcher_or_router,dispatcher_or_router,unknown,13,7,2,22,3,0,0,hypothesis,caller->core->callee static call chain candidate
ppkp2012 a01.PZU,false,112,0xB606,0x4228,0x95B0,dispatcher_or_router,dispatcher_or_router,unknown,13,8,1,22,3,0,0,hypothesis,caller->core->callee static call chain candidate
ppkp2012 a01.PZU,false,113,0xB5AB,0x4358,0x49DA,unknown,dispatcher_or_router,unknown,3,17,2,22,1,2,0,hypothesis,caller->core->callee static call chain candidate
ppkp2012 a01.PZU,false,114,0x464E,0x4358,0x49DA,unknown,dispatcher_or_router,unknown,3,17,2,22,1,2,0,hypothesis,caller->core->callee static call chain candidate
ppkp2012 a01.PZU,false,115,0xB606,0x6743,0x95B0,dispatcher_or_router,dispatcher_or_router,unknown,13,8,1,22,3,0,0,hypothesis,caller->core->callee static call chain candidate
ppkp2012 a01.PZU,false,116,0xB606,0x6743,0x97E5,dispatcher_or_router,dispatcher_or_router,unknown,13,8,1,22,3,0,0,hypothesis,caller->core->callee static call chain candidate
ppkp2012 a01.PZU,false,117,0xB606,0x67C4,0x683A,dispatcher_or_router,state_update_worker,unknown,13,6,3,22,3,0,0,hypothesis,caller->core->callee static call chain candidate
ppkp2012 a01.PZU,false,118,0xB606,0xB42C,0x97E5,dispatcher_or_router,dispatcher_or_router,unknown,13,7,1,21,3,0,0,hypothesis,caller->core->callee static call chain candidate
ppkp2012 a01.PZU,false,119,0xB606,0xB42C,0x95B0,dispatcher_or_router,dispatcher_or_router,unknown,13,7,1,21,3,0,0,hypothesis,caller->core->callee static call chain candidate
ppkp2012 a01.PZU,false,120,0x6C3B,0x988D,0x98B9,dispatcher_or_router,unknown,unknown,13,4,4,21,0,22,0,hypothesis,caller->core->callee static call chain candidate
ppkp2012 a01.PZU,false,121,0xB606,0xB2C5,0x95B0,dispatcher_or_router,dispatcher_or_router,unknown,13,7,1,21,3,0,0,hypothesis,caller->core->callee static call chain candidate
ppkp2012 a01.PZU,false,122,0xB606,0xB2C5,0x97E5,dispatcher_or_router,dispatcher_or_router,unknown,13,7,1,21,3,0,0,hypothesis,caller->core->callee static call chain candidate
ppkp2012 a01.PZU,false,123,0xB606,0xB15E,0x95B0,dispatcher_or_router,dispatcher_or_router,unknown,13,7,1,21,3,0,0,hypothesis,caller->core->callee static call chain candidate
ppkp2012 a01.PZU,false,124,0xB606,0xB15E,0x97E5,dispatcher_or_router,dispatcher_or_router,unknown,13,7,1,21,3,0,0,hypothesis,caller->core->callee static call chain candidate
ppkp2012 a01.PZU,false,125,0xB606,0xAFF7,0x97E5,dispatcher_or_router,dispatcher_or_router,unknown,13,7,1,21,3,0,0,hypothesis,caller->core->callee static call chain candidate
ppkp2012 a01.PZU,false,126,0xB606,0xAFF7,0x95B0,dispatcher_or_router,dispatcher_or_router,unknown,13,7,1,21,3,0,0,hypothesis,caller->core->callee static call chain candidate
ppkp2012 a01.PZU,false,127,0x6C3B,0x988D,0x98B2,dispatcher_or_router,unknown,unknown,13,4,3,20,0,22,0,hypothesis,caller->core->callee static call chain candidate
ppkp2012 a01.PZU,false,128,0xB606,0xB593,0x9830,dispatcher_or_router,unknown,unknown,13,4,2,19,3,0,0,hypothesis,caller->core->callee static call chain candidate
ppkp2012 a01.PZU,false,129,0x6C3B,0x98B9,0x95B0,dispatcher_or_router,unknown,unknown,13,4,1,18,0,22,0,hypothesis,caller->core->callee static call chain candidate
ppkp2019 a02.PZU,false,1,0x439D,0x94F7,0x57DB,dispatcher_or_router,state_update_worker,dispatcher_or_router,16,10,17,43,16,0,82,hypothesis,caller->core->callee static call chain candidate
ppkp2019 a02.PZU,false,2,0x4744,0x94F7,0x57DB,dispatcher_or_router,state_update_worker,dispatcher_or_router,16,10,17,43,16,0,81,hypothesis,caller->core->callee static call chain candidate
ppkp2019 a02.PZU,false,3,0x4744,0x5388,0x44EA,dispatcher_or_router,unknown,unknown,16,13,9,38,15,0,15,hypothesis,caller->core->callee static call chain candidate
ppkp2019 a02.PZU,false,4,0xAF92,0x45A7,0x57DB,dispatcher_or_router,dispatcher_or_router,dispatcher_or_router,7,13,17,37,15,0,82,hypothesis,caller->core->callee static call chain candidate
ppkp2019 a02.PZU,false,5,0x45A7,0x57DB,0x93B0,dispatcher_or_router,dispatcher_or_router,unknown,13,17,7,37,15,0,83,hypothesis,caller->core->callee static call chain candidate
ppkp2019 a02.PZU,false,6,0x45A7,0x57DB,0x93CB,dispatcher_or_router,dispatcher_or_router,unknown,13,17,5,35,15,0,82,hypothesis,caller->core->callee static call chain candidate
ppkp2019 a02.PZU,false,7,0x45A7,0x57DB,0x4CDC,dispatcher_or_router,dispatcher_or_router,dispatcher_or_router,13,17,5,35,15,0,82,hypothesis,caller->core->callee static call chain candidate
ppkp2019 a02.PZU,false,8,0x6864,0x439D,0x94F7,dispatcher_or_router,dispatcher_or_router,state_update_worker,8,16,10,34,1,0,5,hypothesis,caller->core->callee static call chain candidate
ppkp2019 a02.PZU,false,9,0x45A7,0xA9C5,0x9312,dispatcher_or_router,dispatcher_or_router,dispatcher_or_router,13,12,9,34,1,0,7,hypothesis,caller->core->callee static call chain candidate
ppkp2019 a02.PZU,false,10,0xAF92,0x439D,0x94F7,dispatcher_or_router,dispatcher_or_router,state_update_worker,7,16,10,33,1,0,5,hypothesis,caller->core->callee static call chain candidate
ppkp2019 a02.PZU,false,11,0x45A7,0x57DB,0x9489,dispatcher_or_router,dispatcher_or_router,unknown,13,17,3,33,15,0,82,hypothesis,caller->core->callee static call chain candidate
ppkp2019 a02.PZU,false,12,0x45A7,0x57DB,0x94D6,dispatcher_or_router,dispatcher_or_router,unknown,13,17,3,33,15,0,82,hypothesis,caller->core->callee static call chain candidate
ppkp2019 a02.PZU,false,13,0x45A7,0x57DB,0x48EF,dispatcher_or_router,dispatcher_or_router,unknown,13,17,3,33,15,0,82,hypothesis,caller->core->callee static call chain candidate
ppkp2019 a02.PZU,false,14,0x45A7,0x57DB,0x48C3,dispatcher_or_router,dispatcher_or_router,unknown,13,17,3,33,15,0,82,hypothesis,caller->core->callee static call chain candidate
ppkp2019 a02.PZU,false,15,0x4744,0x5388,0x9490,dispatcher_or_router,unknown,unknown,16,13,4,33,5,0,15,hypothesis,caller->core->callee static call chain candidate
ppkp2019 a02.PZU,false,16,0x4744,0x5388,0x9464,dispatcher_or_router,unknown,unknown,16,13,4,33,5,0,15,hypothesis,caller->core->callee static call chain candidate
ppkp2019 a02.PZU,false,17,0x6A45,0x439D,0x94F7,dispatcher_or_router,dispatcher_or_router,state_update_worker,6,16,10,32,1,0,5,hypothesis,caller->core->callee static call chain candidate
ppkp2019 a02.PZU,false,18,0xAF92,0x45A7,0x6FC9,dispatcher_or_router,dispatcher_or_router,dispatcher_or_router,7,13,12,32,0,0,22,hypothesis,caller->core->callee static call chain candidate
ppkp2019 a02.PZU,false,19,0xAF92,0x45A7,0xA9C5,dispatcher_or_router,dispatcher_or_router,dispatcher_or_router,7,13,12,32,1,0,5,hypothesis,caller->core->callee static call chain candidate
ppkp2019 a02.PZU,false,20,0x94F7,0x57DB,0x4CDC,state_update_worker,dispatcher_or_router,dispatcher_or_router,10,17,5,32,15,0,80,hypothesis,caller->core->callee static call chain candidate
ppkp2019 a02.PZU,false,21,0x45A7,0x57DB,0x9458,dispatcher_or_router,dispatcher_or_router,unknown,13,17,2,32,15,0,82,hypothesis,caller->core->callee static call chain candidate
ppkp2019 a02.PZU,false,22,0x45A7,0x57DB,0x942E,dispatcher_or_router,dispatcher_or_router,unknown,13,17,2,32,15,0,82,hypothesis,caller->core->callee static call chain candidate
ppkp2019 a02.PZU,false,23,0x45A7,0x57DB,0x941F,dispatcher_or_router,dispatcher_or_router,unknown,13,17,2,32,15,0,82,hypothesis,caller->core->callee static call chain candidate
ppkp2019 a02.PZU,false,24,0x45A7,0x57DB,0x4C71,dispatcher_or_router,dispatcher_or_router,unknown,13,17,2,32,15,0,82,hypothesis,caller->core->callee static call chain candidate
ppkp2019 a02.PZU,false,25,0x4744,0x5388,0x9489,dispatcher_or_router,unknown,unknown,16,13,3,32,5,0,15,hypothesis,caller->core->callee static call chain candidate
ppkp2019 a02.PZU,false,26,0x6864,0x439D,0x9302,dispatcher_or_router,dispatcher_or_router,unknown,8,16,7,31,1,0,3,hypothesis,caller->core->callee static call chain candidate
ppkp2019 a02.PZU,false,27,0xAF92,0x6864,0x439D,dispatcher_or_router,dispatcher_or_router,dispatcher_or_router,7,8,16,31,1,0,2,hypothesis,caller->core->callee static call chain candidate
ppkp2019 a02.PZU,false,28,0x45A7,0x6FC9,0x92FE,dispatcher_or_router,dispatcher_or_router,unknown,13,12,6,31,0,0,23,hypothesis,caller->core->callee static call chain candidate
ppkp2019 a02.PZU,false,29,0x4744,0x5388,0x9458,dispatcher_or_router,unknown,unknown,16,13,2,31,5,0,15,hypothesis,caller->core->callee static call chain candidate
ppkp2019 a02.PZU,false,30,0x4744,0x5388,0x941F,dispatcher_or_router,unknown,unknown,16,13,2,31,5,0,15,hypothesis,caller->core->callee static call chain candidate
ppkp2019 a02.PZU,false,31,0x4744,0x5388,0x942E,dispatcher_or_router,unknown,unknown,16,13,2,31,5,0,15,hypothesis,caller->core->callee static call chain candidate
ppkp2019 a02.PZU,false,32,0xAF92,0x439D,0x9302,dispatcher_or_router,dispatcher_or_router,unknown,7,16,7,30,1,0,3,hypothesis,caller->core->callee static call chain candidate
ppkp2019 a02.PZU,false,33,0xAF92,0xAF92,0x439D,dispatcher_or_router,dispatcher_or_router,dispatcher_or_router,7,7,16,30,1,0,2,hypothesis,caller->core->callee static call chain candidate
ppkp2019 a02.PZU,false,34,0x46F8,0x4744,0x495D,state_reader_or_packet_builder,dispatcher_or_router,dispatcher_or_router,7,16,7,30,1,0,1,hypothesis,caller->core->callee static call chain candidate
ppkp2019 a02.PZU,false,35,0xAF92,0x46F8,0x4744,dispatcher_or_router,state_reader_or_packet_builder,dispatcher_or_router,7,7,16,30,1,0,1,hypothesis,caller->core->callee static call chain candidate
ppkp2019 a02.PZU,false,36,0x6A45,0x439D,0x9302,dispatcher_or_router,dispatcher_or_router,unknown,6,16,7,29,1,0,3,hypothesis,caller->core->callee static call chain candidate
ppkp2019 a02.PZU,false,37,0x46F8,0x4744,0x4CDC,state_reader_or_packet_builder,dispatcher_or_router,dispatcher_or_router,7,16,5,28,1,0,1,hypothesis,caller->core->callee static call chain candidate
ppkp2019 a02.PZU,false,38,0x46F8,0x4744,0x49C8,state_reader_or_packet_builder,dispatcher_or_router,dispatcher_or_router,7,16,5,28,1,0,1,hypothesis,caller->core->callee static call chain candidate
ppkp2019 a02.PZU,false,39,0x45A7,0x6FC9,0x94D0,dispatcher_or_router,dispatcher_or_router,unknown,13,12,3,28,0,0,22,hypothesis,caller->core->callee static call chain candidate
ppkp2019 a02.PZU,false,40,0x45A7,0x6FC9,0x9489,dispatcher_or_router,dispatcher_or_router,unknown,13,12,3,28,0,0,22,hypothesis,caller->core->callee static call chain candidate
ppkp2019 a02.PZU,false,41,0x45A7,0x6FC9,0x94D6,dispatcher_or_router,dispatcher_or_router,unknown,13,12,3,28,0,0,22,hypothesis,caller->core->callee static call chain candidate
ppkp2019 a02.PZU,false,42,0x439D,0x94F7,0x4C89,dispatcher_or_router,state_update_worker,unknown,16,10,2,28,1,0,5,hypothesis,caller->core->callee static call chain candidate
ppkp2019 a02.PZU,false,43,0x4744,0x94F7,0x4C89,dispatcher_or_router,state_update_worker,unknown,16,10,2,28,1,0,4,hypothesis,caller->core->callee static call chain candidate
ppkp2019 a02.PZU,false,44,0x4744,0x495D,0x491B,dispatcher_or_router,dispatcher_or_router,unknown,16,7,5,28,1,0,1,hypothesis,caller->core->callee static call chain candidate
ppkp2019 a02.PZU,false,45,0x6864,0x439D,0xA757,dispatcher_or_router,dispatcher_or_router,unknown,8,16,3,27,1,0,2,hypothesis,caller->core->callee static call chain candidate
ppkp2019 a02.PZU,false,46,0x6864,0x439D,0x9618,dispatcher_or_router,dispatcher_or_router,unknown,8,16,3,27,1,0,2,hypothesis,caller->core->callee static call chain candidate
ppkp2019 a02.PZU,false,47,0xAF92,0xAF92,0x45A7,dispatcher_or_router,dispatcher_or_router,dispatcher_or_router,7,7,13,27,0,0,5,hypothesis,caller->core->callee static call chain candidate
ppkp2019 a02.PZU,false,48,0xAF92,0xAF92,0x7FAF,dispatcher_or_router,dispatcher_or_router,dispatcher_or_router,7,7,13,27,1,0,0,hypothesis,caller->core->callee static call chain candidate
ppkp2019 a02.PZU,false,49,0xAF92,0x45A7,0x93B0,dispatcher_or_router,dispatcher_or_router,unknown,7,13,7,27,0,0,6,hypothesis,caller->core->callee static call chain candidate
ppkp2019 a02.PZU,false,50,0x6EEE,0x6DA6,0x9312,dispatcher_or_router,dispatcher_or_router,dispatcher_or_router,11,7,9,27,0,0,3,hypothesis,caller->core->callee static call chain candidate
ppkp2019 a02.PZU,false,51,0x45A7,0xA9C5,0x93AA,dispatcher_or_router,dispatcher_or_router,unknown,13,12,2,27,1,0,5,hypothesis,caller->core->callee static call chain candidate
ppkp2019 a02.PZU,false,52,0x45A7,0x6FC9,0x941F,dispatcher_or_router,dispatcher_or_router,unknown,13,12,2,27,0,0,22,hypothesis,caller->core->callee static call chain candidate
ppkp2019 a02.PZU,false,53,0x45A7,0x6FC9,0x94EA,dispatcher_or_router,dispatcher_or_router,unknown,13,12,2,27,0,0,22,hypothesis,caller->core->callee static call chain candidate
ppkp2019 a02.PZU,false,54,0x45A7,0x6FC9,0x942E,dispatcher_or_router,dispatcher_or_router,unknown,13,12,2,27,0,0,22,hypothesis,caller->core->callee static call chain candidate
ppkp2019 a02.PZU,false,55,0x45A7,0x6FC9,0x9458,dispatcher_or_router,dispatcher_or_router,unknown,13,12,2,27,0,0,22,hypothesis,caller->core->callee static call chain candidate
ppkp2019 a02.PZU,false,56,0x439D,0x94F7,0x93B8,dispatcher_or_router,state_update_worker,unknown,16,10,1,27,1,0,5,hypothesis,caller->core->callee static call chain candidate
ppkp2019 a02.PZU,false,57,0x439D,0x94F7,0x4C67,dispatcher_or_router,state_update_worker,unknown,16,10,1,27,1,0,5,hypothesis,caller->core->callee static call chain candidate
ppkp2019 a02.PZU,false,58,0x4744,0x94F7,0x93B8,dispatcher_or_router,state_update_worker,unknown,16,10,1,27,1,0,4,hypothesis,caller->core->callee static call chain candidate
ppkp2019 a02.PZU,false,59,0x4744,0x94F7,0x4C67,dispatcher_or_router,state_update_worker,unknown,16,10,1,27,1,0,4,hypothesis,caller->core->callee static call chain candidate
ppkp2019 a02.PZU,false,60,0x6864,0x439D,0x9458,dispatcher_or_router,dispatcher_or_router,unknown,8,16,2,26,1,0,2,hypothesis,caller->core->callee static call chain candidate
ppkp2019 a02.PZU,false,61,0x6864,0x439D,0x942E,dispatcher_or_router,dispatcher_or_router,unknown,8,16,2,26,1,0,2,hypothesis,caller->core->callee static call chain candidate
ppkp2019 a02.PZU,false,62,0x6864,0x439D,0x4BBE,dispatcher_or_router,dispatcher_or_router,unknown,8,16,2,26,1,0,2,hypothesis,caller->core->callee static call chain candidate
ppkp2019 a02.PZU,false,63,0x6864,0x439D,0x941F,dispatcher_or_router,dispatcher_or_router,unknown,8,16,2,26,1,0,2,hypothesis,caller->core->callee static call chain candidate
ppkp2019 a02.PZU,false,64,0xAF92,0x439D,0xA757,dispatcher_or_router,dispatcher_or_router,unknown,7,16,3,26,1,0,2,hypothesis,caller->core->callee static call chain candidate
ppkp2019 a02.PZU,false,65,0xAF92,0x439D,0x9618,dispatcher_or_router,dispatcher_or_router,unknown,7,16,3,26,1,0,2,hypothesis,caller->core->callee static call chain candidate
ppkp2019 a02.PZU,false,66,0x45A7,0xA9C5,0x92EF,dispatcher_or_router,dispatcher_or_router,unknown,13,12,1,26,1,0,5,hypothesis,caller->core->callee static call chain candidate
ppkp2019 a02.PZU,false,67,0x45A7,0xA9C5,0xA9B8,dispatcher_or_router,dispatcher_or_router,unknown,13,12,1,26,1,0,5,hypothesis,caller->core->callee static call chain candidate
ppkp2019 a02.PZU,false,68,0x45A7,0xA9C5,0x93BC,dispatcher_or_router,dispatcher_or_router,unknown,13,12,1,26,1,0,5,hypothesis,caller->core->callee static call chain candidate
ppkp2019 a02.PZU,false,69,0x45A7,0x6FC9,0x92EF,dispatcher_or_router,dispatcher_or_router,unknown,13,12,1,26,0,0,22,hypothesis,caller->core->callee static call chain candidate
ppkp2019 a02.PZU,false,70,0x4744,0x495D,0x4940,dispatcher_or_router,dispatcher_or_router,unknown,16,7,3,26,1,0,1,hypothesis,caller->core->callee static call chain candidate
ppkp2019 a02.PZU,false,71,0x6A45,0x439D,0xA757,dispatcher_or_router,dispatcher_or_router,unknown,6,16,3,25,1,0,2,hypothesis,caller->core->callee static call chain candidate
ppkp2019 a02.PZU,false,72,0x6A45,0x439D,0x9618,dispatcher_or_router,dispatcher_or_router,unknown,6,16,3,25,1,0,2,hypothesis,caller->core->callee static call chain candidate
ppkp2019 a02.PZU,false,73,0x6864,0x439D,0x92EF,dispatcher_or_router,dispatcher_or_router,unknown,8,16,1,25,1,0,2,hypothesis,caller->core->callee static call chain candidate
ppkp2019 a02.PZU,false,74,0xAF92,0x439D,0x9458,dispatcher_or_router,dispatcher_or_router,unknown,7,16,2,25,1,0,2,hypothesis,caller->core->callee static call chain candidate
ppkp2019 a02.PZU,false,75,0xAF92,0x439D,0x942E,dispatcher_or_router,dispatcher_or_router,unknown,7,16,2,25,1,0,2,hypothesis,caller->core->callee static call chain candidate
ppkp2019 a02.PZU,false,76,0xAF92,0x439D,0x4BBE,dispatcher_or_router,dispatcher_or_router,unknown,7,16,2,25,1,0,2,hypothesis,caller->core->callee static call chain candidate
ppkp2019 a02.PZU,false,77,0xAF92,0x439D,0x941F,dispatcher_or_router,dispatcher_or_router,unknown,7,16,2,25,1,0,2,hypothesis,caller->core->callee static call chain candidate
ppkp2019 a02.PZU,false,78,0xAF92,0xAF92,0x6EEE,dispatcher_or_router,dispatcher_or_router,dispatcher_or_router,7,7,11,25,0,0,1,hypothesis,caller->core->callee static call chain candidate
ppkp2019 a02.PZU,false,79,0xAF92,0xAF92,0x8247,dispatcher_or_router,dispatcher_or_router,state_reader_or_packet_builder,7,7,11,25,0,0,3,hypothesis,caller->core->callee static call chain candidate
ppkp2019 a02.PZU,false,80,0xAF92,0xAF92,0xAF5D,dispatcher_or_router,dispatcher_or_router,state_reader_or_packet_builder,7,7,11,25,3,0,0,hypothesis,caller->core->callee static call chain candidate
ppkp2019 a02.PZU,false,81,0x46F8,0x4744,0x4BBE,state_reader_or_packet_builder,dispatcher_or_router,unknown,7,16,2,25,1,0,1,hypothesis,caller->core->callee static call chain candidate
ppkp2019 a02.PZU,false,82,0xAF92,0x6EEE,0x6DA6,dispatcher_or_router,dispatcher_or_router,dispatcher_or_router,7,11,7,25,0,0,1,hypothesis,caller->core->callee static call chain candidate
ppkp2019 a02.PZU,false,83,0xAF92,0x6EEE,0x972E,dispatcher_or_router,dispatcher_or_router,dispatcher_or_router,7,11,7,25,0,0,1,hypothesis,caller->core->callee static call chain candidate
ppkp2019 a02.PZU,false,84,0x6EEE,0x972E,0x9302,dispatcher_or_router,dispatcher_or_router,unknown,11,7,7,25,0,0,2,hypothesis,caller->core->callee static call chain candidate
ppkp2019 a02.PZU,false,85,0x6A45,0x439D,0x9458,dispatcher_or_router,dispatcher_or_router,unknown,6,16,2,24,1,0,2,hypothesis,caller->core->callee static call chain candidate
ppkp2019 a02.PZU,false,86,0x6A45,0x439D,0x942E,dispatcher_or_router,dispatcher_or_router,unknown,6,16,2,24,1,0,2,hypothesis,caller->core->callee static call chain candidate
ppkp2019 a02.PZU,false,87,0x6A45,0x439D,0x4BBE,dispatcher_or_router,dispatcher_or_router,unknown,6,16,2,24,1,0,2,hypothesis,caller->core->callee static call chain candidate
ppkp2019 a02.PZU,false,88,0x6A45,0x439D,0x941F,dispatcher_or_router,dispatcher_or_router,unknown,6,16,2,24,1,0,2,hypothesis,caller->core->callee static call chain candidate
ppkp2019 a02.PZU,false,89,0xAF92,0x439D,0x92EF,dispatcher_or_router,dispatcher_or_router,unknown,7,16,1,24,1,0,2,hypothesis,caller->core->callee static call chain candidate
ppkp2019 a02.PZU,false,90,0xAF92,0xAF92,0x9826,dispatcher_or_router,dispatcher_or_router,state_update_worker,7,7,10,24,0,0,20,hypothesis,caller->core->callee static call chain candidate
ppkp2019 a02.PZU,false,91,0xAF92,0x45A7,0x4633,dispatcher_or_router,dispatcher_or_router,unknown,7,13,4,24,0,0,5,hypothesis,caller->core->callee static call chain candidate
ppkp2019 a02.PZU,false,92,0xAF92,0x4228,0x9312,dispatcher_or_router,dispatcher_or_router,dispatcher_or_router,7,8,9,24,0,0,2,hypothesis,caller->core->callee static call chain candidate
ppkp2019 a02.PZU,false,93,0xAF92,0x7A32,0x7A2B,dispatcher_or_router,dispatcher_or_router,unknown,7,10,7,24,1,0,0,hypothesis,caller->core->callee static call chain candidate
ppkp2019 a02.PZU,false,94,0x439D,0x9302,0x93BC,dispatcher_or_router,unknown,unknown,16,7,1,24,1,0,3,hypothesis,caller->core->callee static call chain candidate
ppkp2019 a02.PZU,false,95,0x4744,0x495D,0x92EF,dispatcher_or_router,dispatcher_or_router,unknown,16,7,1,24,1,0,1,hypothesis,caller->core->callee static call chain candidate
ppkp2019 a02.PZU,false,96,0x6A45,0x439D,0x92EF,dispatcher_or_router,dispatcher_or_router,unknown,6,16,1,23,1,0,2,hypothesis,caller->core->callee static call chain candidate
ppkp2019 a02.PZU,false,97,0x6E8E,0x6DA6,0x9312,dispatcher_or_router,dispatcher_or_router,dispatcher_or_router,7,7,9,23,0,0,2,hypothesis,caller->core->callee static call chain candidate
ppkp2019 a02.PZU,false,98,0xAF92,0x8247,0x8211,dispatcher_or_router,state_reader_or_packet_builder,unknown,7,11,4,22,0,0,3,hypothesis,caller->core->callee static call chain candidate
ppkp2019 a02.PZU,false,99,0xAF92,0x7FAF,0x4C71,dispatcher_or_router,dispatcher_or_router,unknown,7,13,2,22,1,0,0,hypothesis,caller->core->callee static call chain candidate
ppkp2019 a02.PZU,false,100,0xAF92,0x45A7,0x4C89,dispatcher_or_router,dispatcher_or_router,unknown,7,13,2,22,0,0,5,hypothesis,caller->core->callee static call chain candidate
ppkp2019 a02.PZU,false,101,0xAF92,0x45A7,0x92F9,dispatcher_or_router,dispatcher_or_router,unknown,7,13,2,22,0,0,5,hypothesis,caller->core->callee static call chain candidate
ppkp2019 a02.PZU,false,102,0xA757,0x439D,0x4BBE,unknown,dispatcher_or_router,unknown,3,16,2,21,1,0,2,hypothesis,caller->core->callee static call chain candidate
ppkp2019 a02.PZU,false,103,0x6C1C,0x439D,0x4BBE,unknown,dispatcher_or_router,unknown,3,16,2,21,1,0,2,hypothesis,caller->core->callee static call chain candidate
ppkp2019 a02.PZU,false,104,0x6C26,0x439D,0x4BBE,unknown,dispatcher_or_router,unknown,3,16,2,21,1,0,2,hypothesis,caller->core->callee static call chain candidate
ppkp2019 a02.PZU,false,105,0x473A,0x439D,0x4BBE,unknown,dispatcher_or_router,unknown,3,16,2,21,1,0,2,hypothesis,caller->core->callee static call chain candidate
ppkp2019 a02.PZU,false,106,0xAF92,0x45A7,0x92EF,dispatcher_or_router,dispatcher_or_router,unknown,7,13,1,21,0,0,5,hypothesis,caller->core->callee static call chain candidate
ppkp2019 a02.PZU,false,107,0xAF92,0x45A7,0x4C67,dispatcher_or_router,dispatcher_or_router,unknown,7,13,1,21,0,0,5,hypothesis,caller->core->callee static call chain candidate
ppkp2019 a02.PZU,false,108,0x6D78,0x6DA6,0x9312,unknown,dispatcher_or_router,dispatcher_or_router,5,7,9,21,0,0,2,hypothesis,caller->core->callee static call chain candidate
ppkp2019 a02.PZU,false,109,0xAF92,0x6C9A,0x9302,dispatcher_or_router,dispatcher_or_router,unknown,7,7,7,21,0,0,1,hypothesis,caller->core->callee static call chain candidate
ppkp2019 a02.PZU,false,110,0xAF92,0x6EEE,0x93AA,dispatcher_or_router,dispatcher_or_router,unknown,7,11,2,20,0,0,1,hypothesis,caller->core->callee static call chain candidate
ppkp2019 a02.PZU,false,111,0x6EEE,0x972E,0x93AA,dispatcher_or_router,dispatcher_or_router,unknown,11,7,2,20,0,0,1,hypothesis,caller->core->callee static call chain candidate
ppkp2019 a02.PZU,false,112,0x6EEE,0x6DA6,0x92EF,dispatcher_or_router,dispatcher_or_router,unknown,11,7,1,19,0,0,1,hypothesis,caller->core->callee static call chain candidate
ppkp2019 a02.PZU,false,113,0xAF92,0x6EEE,0x92EF,dispatcher_or_router,dispatcher_or_router,unknown,7,11,1,19,0,0,1,hypothesis,caller->core->callee static call chain candidate
ppkp2019 a02.PZU,false,114,0x6EEE,0x972E,0x92EF,dispatcher_or_router,dispatcher_or_router,unknown,11,7,1,19,0,0,1,hypothesis,caller->core->callee static call chain candidate
ppkp2019 a02.PZU,false,115,0x972E,0x9302,0x93BC,dispatcher_or_router,unknown,unknown,7,7,1,15,0,0,1,hypothesis,caller->core->callee static call chain candidate
ppkp2019 a02.PZU,false,116,0x6C9A,0x9302,0x93BC,dispatcher_or_router,unknown,unknown,7,7,1,15,0,0,1,hypothesis,caller->core->callee static call chain candidate
ppkp2019 a02.PZU,false,117,0x4CDC,0x9302,0x93BC,dispatcher_or_router,unknown,unknown,5,7,1,13,0,0,1,unknown,caller->core->callee static call chain candidate
ppkp2019 a02.PZU,false,118,0x97B8,0x9302,0x93BC,dispatcher_or_router,unknown,unknown,5,7,1,13,0,0,1,unknown,caller->core->callee static call chain candidate
