file,xdata_addr_hex,read_count,write_count,total_refs
90CYE02_27 DKS.PZU,0x0001,9,0,9
90CYE02_27 DKS.PZU,0x0010,1,0,1
90CYE02_27 DKS.PZU,0x0011,1,0,1
90CYE02_27 DKS.PZU,0x0013,1,0,1
90CYE02_27 DKS.PZU,0x0030,3,0,3
90CYE02_27 DKS.PZU,0x0035,5,0,5
90CYE02_27 DKS.PZU,0x0A76,1,0,1
90CYE02_27 DKS.PZU,0x0C82,1,0,1
90CYE02_27 DKS.PZU,0x2F22,1,0,1
90CYE02_27 DKS.PZU,0x2F23,1,0,1
90CYE02_27 DKS.PZU,0x2F24,1,0,1
90CYE02_27 DKS.PZU,0x2F25,1,0,1
90CYE02_27 DKS.PZU,0x3000,1,0,1
90CYE02_27 DKS.PZU,0x3010,1,1,2
90CYE02_27 DKS.PZU,0x3012,0,1,1
90CYE02_27 DKS.PZU,0x3013,0,1,1
90CYE02_27 DKS.PZU,0x301C,0,1,1
90CYE02_27 DKS.PZU,0x301D,0,1,1
90CYE02_27 DKS.PZU,0x301E,0,1,1
90CYE02_27 DKS.PZU,0x301F,0,1,1
90CYE02_27 DKS.PZU,0x3020,0,1,1
90CYE02_27 DKS.PZU,0x3021,0,1,1
90CYE02_27 DKS.PZU,0x3046,0,1,1
90CYE02_27 DKS.PZU,0x3047,0,1,1
90CYE02_27 DKS.PZU,0x3078,0,1,1
90CYE02_27 DKS.PZU,0x30A1,2,0,2
90CYE02_27 DKS.PZU,0x30A2,1,0,1
90CYE02_27 DKS.PZU,0x30A3,3,0,3
90CYE02_27 DKS.PZU,0x30A4,4,6,10
90CYE02_27 DKS.PZU,0x30A5,8,3,11
90CYE02_27 DKS.PZU,0x30AF,4,1,5
90CYE02_27 DKS.PZU,0x30B0,1,1,2
90CYE02_27 DKS.PZU,0x30B1,15,6,21
90CYE02_27 DKS.PZU,0x30B2,9,10,19
90CYE02_27 DKS.PZU,0x30B3,1,0,1
90CYE02_27 DKS.PZU,0x30B4,2,1,3
90CYE02_27 DKS.PZU,0x30B5,3,0,3
90CYE02_27 DKS.PZU,0x30C8,1,0,1
90CYE02_27 DKS.PZU,0x30CD,3,0,3
90CYE02_27 DKS.PZU,0x30CE,13,0,13
90CYE02_27 DKS.PZU,0x30CF,4,0,4
90CYE02_27 DKS.PZU,0x3102,2,0,2
90CYE02_27 DKS.PZU,0x3103,10,1,11
90CYE02_27 DKS.PZU,0x3104,5,1,6
90CYE02_27 DKS.PZU,0x3105,1,0,1
90CYE02_27 DKS.PZU,0x3108,1,0,1
90CYE02_27 DKS.PZU,0x311B,1,0,1
90CYE02_27 DKS.PZU,0x311C,1,0,1
90CYE02_27 DKS.PZU,0x311D,1,0,1
90CYE02_27 DKS.PZU,0x311E,1,0,1
90CYE02_27 DKS.PZU,0x311F,1,0,1
90CYE02_27 DKS.PZU,0x312C,4,1,5
90CYE02_27 DKS.PZU,0x312D,6,0,6
90CYE02_27 DKS.PZU,0x3158,2,0,2
90CYE02_27 DKS.PZU,0x317B,5,1,6
90CYE02_27 DKS.PZU,0x3184,6,0,6
90CYE02_27 DKS.PZU,0x3185,2,0,2
90CYE02_27 DKS.PZU,0x318C,1,0,1
90CYE02_27 DKS.PZU,0x318E,2,0,2
90CYE02_27 DKS.PZU,0x3193,0,1,1
90CYE02_27 DKS.PZU,0x3197,0,1,1
90CYE02_27 DKS.PZU,0x3199,0,1,1
90CYE02_27 DKS.PZU,0x319B,0,1,1
90CYE02_27 DKS.PZU,0x319F,0,1,1
90CYE02_27 DKS.PZU,0x31D1,2,2,4
90CYE02_27 DKS.PZU,0x31D2,2,0,2
90CYE02_27 DKS.PZU,0x31D9,1,1,2
90CYE02_27 DKS.PZU,0x31DA,1,1,2
90CYE02_27 DKS.PZU,0x31DB,1,1,2
90CYE02_27 DKS.PZU,0x31DC,1,1,2
90CYE02_27 DKS.PZU,0x321D,1,0,1
90CYE02_27 DKS.PZU,0x323F,1,0,1
90CYE02_27 DKS.PZU,0x3240,1,0,1
90CYE02_27 DKS.PZU,0x3282,1,0,1
90CYE02_27 DKS.PZU,0x32B2,2,0,2
90CYE02_27 DKS.PZU,0x32B3,2,0,2
90CYE02_27 DKS.PZU,0x4343,2,1,3
90CYE02_27 DKS.PZU,0x4344,1,0,1
90CYE02_27 DKS.PZU,0x4345,1,0,1
90CYE02_27 DKS.PZU,0x4346,1,0,1
90CYE02_27 DKS.PZU,0x4347,1,0,1
90CYE02_27 DKS.PZU,0x4348,1,0,1
90CYE02_27 DKS.PZU,0x439D,1,0,1
90CYE02_27 DKS.PZU,0x439E,1,0,1
90CYE02_27 DKS.PZU,0x43A1,1,1,2
90CYE02_27 DKS.PZU,0x43A3,1,0,1
90CYE02_27 DKS.PZU,0x43A5,3,4,7
90CYE02_27 DKS.PZU,0x43A6,3,3,6
90CYE02_27 DKS.PZU,0x43A7,2,1,3
90CYE02_27 DKS.PZU,0x43A9,4,1,5
90CYE02_27 DKS.PZU,0x43AA,6,1,7
90CYE02_27 DKS.PZU,0x43AB,0,1,1
90CYE02_27 DKS.PZU,0x43AC,4,4,8
90CYE02_27 DKS.PZU,0x4411,2,0,2
90CYE02_27 DKS.PZU,0x4442,1,0,1
90CYE02_27 DKS.PZU,0x4575,25,0,25
90CYE02_27 DKS.PZU,0x4576,6,0,6
90CYE02_27 DKS.PZU,0x4577,4,4,8
90CYE02_27 DKS.PZU,0x4578,5,2,7
90CYE02_27 DKS.PZU,0x4579,1,0,1
90CYE02_27 DKS.PZU,0x457A,4,0,4
90CYE02_27 DKS.PZU,0x457B,1,1,2
90CYE02_27 DKS.PZU,0x45A5,1,0,1
90CYE02_27 DKS.PZU,0x45A6,1,0,1
90CYE02_27 DKS.PZU,0x45A8,0,1,1
90CYE02_27 DKS.PZU,0x46E8,1,1,2
90CYE02_27 DKS.PZU,0x7200,1,0,1
90CYE02_27 DKS.PZU,0x720C,1,0,1
90CYE02_27 DKS.PZU,0x720D,1,0,1
90CYE02_27 DKS.PZU,0x8000,1,0,1
90CYE02_27 DKS.PZU,0xF801,1,0,1
90CYE03_19_2 v2_1.PZU,0x0001,10,0,10
90CYE03_19_2 v2_1.PZU,0x0010,1,0,1
90CYE03_19_2 v2_1.PZU,0x0011,1,0,1
90CYE03_19_2 v2_1.PZU,0x0013,1,0,1
90CYE03_19_2 v2_1.PZU,0x0030,3,0,3
90CYE03_19_2 v2_1.PZU,0x0035,5,0,5
90CYE03_19_2 v2_1.PZU,0x0A76,1,0,1
90CYE03_19_2 v2_1.PZU,0x0C82,1,0,1
90CYE03_19_2 v2_1.PZU,0x2F22,1,0,1
90CYE03_19_2 v2_1.PZU,0x2F23,1,0,1
90CYE03_19_2 v2_1.PZU,0x2F24,1,0,1
90CYE03_19_2 v2_1.PZU,0x2F25,1,0,1
90CYE03_19_2 v2_1.PZU,0x3000,1,0,1
90CYE03_19_2 v2_1.PZU,0x3010,1,1,2
90CYE03_19_2 v2_1.PZU,0x3012,0,1,1
90CYE03_19_2 v2_1.PZU,0x3013,4,1,5
90CYE03_19_2 v2_1.PZU,0x301D,0,1,1
90CYE03_19_2 v2_1.PZU,0x301F,0,1,1
90CYE03_19_2 v2_1.PZU,0x30B8,0,1,1
90CYE03_19_2 v2_1.PZU,0x3158,3,0,3
90CYE03_19_2 v2_1.PZU,0x3159,1,1,2
90CYE03_19_2 v2_1.PZU,0x315A,1,0,1
90CYE03_19_2 v2_1.PZU,0x315B,1,0,1
90CYE03_19_2 v2_1.PZU,0x315C,1,2,3
90CYE03_19_2 v2_1.PZU,0x315D,7,3,10
90CYE03_19_2 v2_1.PZU,0x315E,2,0,2
90CYE03_19_2 v2_1.PZU,0x3173,4,2,6
90CYE03_19_2 v2_1.PZU,0x3174,1,1,2
90CYE03_19_2 v2_1.PZU,0x3175,1,0,1
90CYE03_19_2 v2_1.PZU,0x3176,5,0,5
90CYE03_19_2 v2_1.PZU,0x3177,2,5,7
90CYE03_19_2 v2_1.PZU,0x3178,11,3,14
90CYE03_19_2 v2_1.PZU,0x3179,8,5,13
90CYE03_19_2 v2_1.PZU,0x317A,1,0,1
90CYE03_19_2 v2_1.PZU,0x317B,2,2,4
90CYE03_19_2 v2_1.PZU,0x317C,3,0,3
90CYE03_19_2 v2_1.PZU,0x317D,5,0,5
90CYE03_19_2 v2_1.PZU,0x318D,1,1,2
90CYE03_19_2 v2_1.PZU,0x318E,2,1,3
90CYE03_19_2 v2_1.PZU,0x318F,4,0,4
90CYE03_19_2 v2_1.PZU,0x3190,3,0,3
90CYE03_19_2 v2_1.PZU,0x3191,1,1,2
90CYE03_19_2 v2_1.PZU,0x3192,1,0,1
90CYE03_19_2 v2_1.PZU,0x3193,1,1,2
90CYE03_19_2 v2_1.PZU,0x3195,15,1,16
90CYE03_19_2 v2_1.PZU,0x3196,4,0,4
90CYE03_19_2 v2_1.PZU,0x319F,2,0,2
90CYE03_19_2 v2_1.PZU,0x31A0,0,1,1
90CYE03_19_2 v2_1.PZU,0x326A,1,0,1
90CYE03_19_2 v2_1.PZU,0x326F,3,0,3
90CYE03_19_2 v2_1.PZU,0x3270,13,0,13
90CYE03_19_2 v2_1.PZU,0x3271,4,0,4
90CYE03_19_2 v2_1.PZU,0x32A4,2,0,2
90CYE03_19_2 v2_1.PZU,0x32A5,10,1,11
90CYE03_19_2 v2_1.PZU,0x32A6,5,1,6
90CYE03_19_2 v2_1.PZU,0x32A7,1,0,1
90CYE03_19_2 v2_1.PZU,0x32AA,1,0,1
90CYE03_19_2 v2_1.PZU,0x32BD,2,0,2
90CYE03_19_2 v2_1.PZU,0x32BE,3,0,3
90CYE03_19_2 v2_1.PZU,0x32C4,2,0,2
90CYE03_19_2 v2_1.PZU,0x32D6,2,0,2
90CYE03_19_2 v2_1.PZU,0x32D7,27,2,29
90CYE03_19_2 v2_1.PZU,0x32D9,7,1,8
90CYE03_19_2 v2_1.PZU,0x32E2,1,0,1
90CYE03_19_2 v2_1.PZU,0x32E4,2,0,2
90CYE03_19_2 v2_1.PZU,0x32E5,4,1,5
90CYE03_19_2 v2_1.PZU,0x32E8,1,0,1
90CYE03_19_2 v2_1.PZU,0x32E9,0,1,1
90CYE03_19_2 v2_1.PZU,0x32ED,0,1,1
90CYE03_19_2 v2_1.PZU,0x3307,0,1,1
90CYE03_19_2 v2_1.PZU,0x3308,1,1,2
90CYE03_19_2 v2_1.PZU,0x330F,1,1,2
90CYE03_19_2 v2_1.PZU,0x3310,1,1,2
90CYE03_19_2 v2_1.PZU,0x3311,1,1,2
90CYE03_19_2 v2_1.PZU,0x3312,1,1,2
90CYE03_19_2 v2_1.PZU,0x3313,0,1,1
90CYE03_19_2 v2_1.PZU,0x3333,1,0,1
90CYE03_19_2 v2_1.PZU,0x336A,1,0,1
90CYE03_19_2 v2_1.PZU,0x3372,1,0,1
90CYE03_19_2 v2_1.PZU,0x337B,2,0,2
90CYE03_19_2 v2_1.PZU,0x337C,2,0,2
90CYE03_19_2 v2_1.PZU,0x4457,4,0,4
90CYE03_19_2 v2_1.PZU,0x445F,1,0,1
90CYE03_19_2 v2_1.PZU,0x4460,1,0,1
90CYE03_19_2 v2_1.PZU,0x4461,1,0,1
90CYE03_19_2 v2_1.PZU,0x4462,1,0,1
90CYE03_19_2 v2_1.PZU,0x4464,1,0,1
90CYE03_19_2 v2_1.PZU,0x4465,1,0,1
90CYE03_19_2 v2_1.PZU,0x4469,1,0,1
90CYE03_19_2 v2_1.PZU,0x446A,1,0,1
90CYE03_19_2 v2_1.PZU,0x447C,2,1,3
90CYE03_19_2 v2_1.PZU,0x447D,1,0,1
90CYE03_19_2 v2_1.PZU,0x447E,1,0,1
90CYE03_19_2 v2_1.PZU,0x447F,1,0,1
90CYE03_19_2 v2_1.PZU,0x4480,1,0,1
90CYE03_19_2 v2_1.PZU,0x4481,1,0,1
90CYE03_19_2 v2_1.PZU,0x4492,1,1,2
90CYE03_19_2 v2_1.PZU,0x4493,1,0,1
90CYE03_19_2 v2_1.PZU,0x4494,1,1,2
90CYE03_19_2 v2_1.PZU,0x4496,1,0,1
90CYE03_19_2 v2_1.PZU,0x4498,3,2,5
90CYE03_19_2 v2_1.PZU,0x4499,1,1,2
90CYE03_19_2 v2_1.PZU,0x449A,3,1,4
90CYE03_19_2 v2_1.PZU,0x449C,7,1,8
90CYE03_19_2 v2_1.PZU,0x449D,11,1,12
90CYE03_19_2 v2_1.PZU,0x449E,0,1,1
90CYE03_19_2 v2_1.PZU,0x44A3,1,0,1
90CYE03_19_2 v2_1.PZU,0x4504,2,0,2
90CYE03_19_2 v2_1.PZU,0x4535,1,0,1
90CYE03_19_2 v2_1.PZU,0x462D,28,0,28
90CYE03_19_2 v2_1.PZU,0x462E,1,1,2
90CYE03_19_2 v2_1.PZU,0x4641,8,1,9
90CYE03_19_2 v2_1.PZU,0x4648,1,0,1
90CYE03_19_2 v2_1.PZU,0x4649,1,0,1
90CYE03_19_2 v2_1.PZU,0x4742,1,0,1
90CYE03_19_2 v2_1.PZU,0x478C,1,1,2
90CYE03_19_2 v2_1.PZU,0x7400,1,0,1
90CYE03_19_2 v2_1.PZU,0x7401,1,0,1
90CYE03_19_2 v2_1.PZU,0x7406,1,0,1
90CYE03_19_2 v2_1.PZU,0x7407,1,0,1
90CYE03_19_2 v2_1.PZU,0x740A,1,0,1
90CYE03_19_2 v2_1.PZU,0x740C,10,0,10
90CYE03_19_2 v2_1.PZU,0x740D,1,0,1
90CYE03_19_2 v2_1.PZU,0x740E,2,0,2
90CYE03_19_2 v2_1.PZU,0x740F,10,0,10
90CYE03_19_2 v2_1.PZU,0x7FF0,4,0,4
90CYE03_19_2 v2_1.PZU,0x7FF2,4,3,7
90CYE03_19_2 v2_1.PZU,0x7FF4,5,0,5
90CYE03_19_2 v2_1.PZU,0x7FF6,5,2,7
90CYE03_19_2 v2_1.PZU,0x7FF8,1,0,1
90CYE03_19_2 v2_1.PZU,0x8000,1,0,1
90CYE03_19_2 v2_1.PZU,0xBFFD,1,0,1
90CYE03_19_2 v2_1.PZU,0xF801,1,0,1
90CYE03_19_DKS.PZU,0x0001,11,0,11
90CYE03_19_DKS.PZU,0x0008,1,0,1
90CYE03_19_DKS.PZU,0x0010,1,0,1
90CYE03_19_DKS.PZU,0x0011,1,0,1
90CYE03_19_DKS.PZU,0x0013,1,0,1
90CYE03_19_DKS.PZU,0x0030,3,0,3
90CYE03_19_DKS.PZU,0x0035,5,0,5
90CYE03_19_DKS.PZU,0x2F22,1,0,1
90CYE03_19_DKS.PZU,0x2F23,1,0,1
90CYE03_19_DKS.PZU,0x2F24,1,0,1
90CYE03_19_DKS.PZU,0x2F25,1,0,1
90CYE03_19_DKS.PZU,0x3000,1,0,1
90CYE03_19_DKS.PZU,0x3010,1,1,2
90CYE03_19_DKS.PZU,0x3011,0,1,1
90CYE03_19_DKS.PZU,0x3012,1,0,1
90CYE03_19_DKS.PZU,0x3013,0,1,1
90CYE03_19_DKS.PZU,0x3014,0,1,1
90CYE03_19_DKS.PZU,0x301A,1,1,2
90CYE03_19_DKS.PZU,0x301B,0,1,1
90CYE03_19_DKS.PZU,0x3048,0,1,1
90CYE03_19_DKS.PZU,0x304A,0,1,1
90CYE03_19_DKS.PZU,0x3078,0,1,1
90CYE03_19_DKS.PZU,0x30A0,1,2,3
90CYE03_19_DKS.PZU,0x30A1,3,0,3
90CYE03_19_DKS.PZU,0x30A2,1,1,2
90CYE03_19_DKS.PZU,0x30A3,1,0,1
90CYE03_19_DKS.PZU,0x30A4,2,0,2
90CYE03_19_DKS.PZU,0x30A5,1,0,1
90CYE03_19_DKS.PZU,0x30A6,1,2,3
90CYE03_19_DKS.PZU,0x30A7,6,3,9
90CYE03_19_DKS.PZU,0x30A9,2,0,2
90CYE03_19_DKS.PZU,0x30E0,1,0,1
90CYE03_19_DKS.PZU,0x30E1,1,0,1
90CYE03_19_DKS.PZU,0x30E2,0,2,2
90CYE03_19_DKS.PZU,0x30E3,4,1,5
90CYE03_19_DKS.PZU,0x30E4,1,1,2
90CYE03_19_DKS.PZU,0x30E5,3,1,4
90CYE03_19_DKS.PZU,0x30E6,0,1,1
90CYE03_19_DKS.PZU,0x30E7,5,0,5
90CYE03_19_DKS.PZU,0x30E8,0,1,1
90CYE03_19_DKS.PZU,0x30E9,2,2,4
90CYE03_19_DKS.PZU,0x30EA,11,3,14
90CYE03_19_DKS.PZU,0x30EB,5,5,10
90CYE03_19_DKS.PZU,0x30EC,1,0,1
90CYE03_19_DKS.PZU,0x30ED,2,1,3
90CYE03_19_DKS.PZU,0x30EE,9,0,9
90CYE03_19_DKS.PZU,0x30F1,1,1,2
90CYE03_19_DKS.PZU,0x30F2,2,1,3
90CYE03_19_DKS.PZU,0x30F3,4,0,4
90CYE03_19_DKS.PZU,0x30F4,3,0,3
90CYE03_19_DKS.PZU,0x30F5,1,1,2
90CYE03_19_DKS.PZU,0x30F6,1,0,1
90CYE03_19_DKS.PZU,0x30F7,1,1,2
90CYE03_19_DKS.PZU,0x30F9,12,0,12
90CYE03_19_DKS.PZU,0x30FA,4,0,4
90CYE03_19_DKS.PZU,0x30FB,3,1,4
90CYE03_19_DKS.PZU,0x30FD,2,0,2
90CYE03_19_DKS.PZU,0x30FE,0,1,1
90CYE03_19_DKS.PZU,0x3106,5,0,5
90CYE03_19_DKS.PZU,0x3121,2,1,3
90CYE03_19_DKS.PZU,0x3122,7,1,8
90CYE03_19_DKS.PZU,0x3125,14,0,14
90CYE03_19_DKS.PZU,0x3126,4,0,4
90CYE03_19_DKS.PZU,0x3127,1,0,1
90CYE03_19_DKS.PZU,0x315A,2,0,2
90CYE03_19_DKS.PZU,0x315B,8,1,9
90CYE03_19_DKS.PZU,0x315C,0,1,1
90CYE03_19_DKS.PZU,0x315D,3,1,4
90CYE03_19_DKS.PZU,0x315E,1,0,1
90CYE03_19_DKS.PZU,0x3161,1,0,1
90CYE03_19_DKS.PZU,0x316D,1,0,1
90CYE03_19_DKS.PZU,0x317F,2,1,3
90CYE03_19_DKS.PZU,0x3180,1,0,1
90CYE03_19_DKS.PZU,0x3181,2,0,2
90CYE03_19_DKS.PZU,0x3182,1,0,1
90CYE03_19_DKS.PZU,0x319A,2,0,2
90CYE03_19_DKS.PZU,0x319D,0,1,1
90CYE03_19_DKS.PZU,0x319E,4,1,5
90CYE03_19_DKS.PZU,0x319F,1,1,2
90CYE03_19_DKS.PZU,0x31A0,2,1,3
90CYE03_19_DKS.PZU,0x31A1,4,0,4
90CYE03_19_DKS.PZU,0x31A2,3,0,3
90CYE03_19_DKS.PZU,0x31A3,1,1,2
90CYE03_19_DKS.PZU,0x31A4,1,0,1
90CYE03_19_DKS.PZU,0x31A5,1,1,2
90CYE03_19_DKS.PZU,0x31A7,3,2,5
90CYE03_19_DKS.PZU,0x31A8,1,1,2
90CYE03_19_DKS.PZU,0x31A9,0,1,1
90CYE03_19_DKS.PZU,0x31B1,5,0,5
90CYE03_19_DKS.PZU,0x31BA,1,1,2
90CYE03_19_DKS.PZU,0x31BB,1,1,2
90CYE03_19_DKS.PZU,0x31BC,1,1,2
90CYE03_19_DKS.PZU,0x31BD,1,1,2
90CYE03_19_DKS.PZU,0x31BF,2,0,2
90CYE03_19_DKS.PZU,0x3205,1,0,1
90CYE03_19_DKS.PZU,0x3208,1,0,1
90CYE03_19_DKS.PZU,0x3600,2,1,3
90CYE03_19_DKS.PZU,0x3601,1,0,1
90CYE03_19_DKS.PZU,0x3602,1,0,1
90CYE03_19_DKS.PZU,0x3603,1,0,1
90CYE03_19_DKS.PZU,0x3604,1,0,1
90CYE03_19_DKS.PZU,0x3605,1,0,1
90CYE03_19_DKS.PZU,0x3606,1,0,1
90CYE03_19_DKS.PZU,0x3608,3,2,5
90CYE03_19_DKS.PZU,0x3609,1,1,2
90CYE03_19_DKS.PZU,0x360A,2,1,3
90CYE03_19_DKS.PZU,0x360B,4,1,5
90CYE03_19_DKS.PZU,0x360C,13,1,14
90CYE03_19_DKS.PZU,0x360D,0,1,1
90CYE03_19_DKS.PZU,0x3612,3,4,7
90CYE03_19_DKS.PZU,0x3613,3,4,7
90CYE03_19_DKS.PZU,0x3614,1,2,3
90CYE03_19_DKS.PZU,0x3615,0,2,2
90CYE03_19_DKS.PZU,0x3616,1,1,2
90CYE03_19_DKS.PZU,0x3617,1,3,4
90CYE03_19_DKS.PZU,0x3618,1,0,1
90CYE03_19_DKS.PZU,0x3619,1,0,1
90CYE03_19_DKS.PZU,0x361A,8,1,9
90CYE03_19_DKS.PZU,0x361B,3,1,4
90CYE03_19_DKS.PZU,0x361C,4,1,5
90CYE03_19_DKS.PZU,0x361D,0,1,1
90CYE03_19_DKS.PZU,0x361F,2,0,2
90CYE03_19_DKS.PZU,0x3640,1,0,1
90CYE03_19_DKS.PZU,0x36D3,25,0,25
90CYE03_19_DKS.PZU,0x36D4,5,0,5
90CYE03_19_DKS.PZU,0x36D5,4,3,7
90CYE03_19_DKS.PZU,0x36D6,5,2,7
90CYE03_19_DKS.PZU,0x36D7,1,0,1
90CYE03_19_DKS.PZU,0x36D8,4,0,4
90CYE03_19_DKS.PZU,0x36D9,1,1,2
90CYE03_19_DKS.PZU,0x36EC,1,0,1
90CYE03_19_DKS.PZU,0x36ED,1,1,2
90CYE03_19_DKS.PZU,0x36EE,2,1,3
90CYE03_19_DKS.PZU,0x36EF,1,1,2
90CYE03_19_DKS.PZU,0x36F0,0,1,1
90CYE03_19_DKS.PZU,0x36F1,0,1,1
90CYE03_19_DKS.PZU,0x36F2,4,1,5
90CYE03_19_DKS.PZU,0x36F3,4,1,5
90CYE03_19_DKS.PZU,0x36F4,4,1,5
90CYE03_19_DKS.PZU,0x36F5,2,1,3
90CYE03_19_DKS.PZU,0x36F6,2,1,3
90CYE03_19_DKS.PZU,0x36F7,2,1,3
90CYE03_19_DKS.PZU,0x36F8,2,1,3
90CYE03_19_DKS.PZU,0x36F9,3,1,4
90CYE03_19_DKS.PZU,0x36FA,2,1,3
90CYE03_19_DKS.PZU,0x36FB,1,1,2
90CYE03_19_DKS.PZU,0x36FC,1,1,2
90CYE03_19_DKS.PZU,0x36FD,1,1,2
90CYE03_19_DKS.PZU,0x36FF,0,1,1
90CYE03_19_DKS.PZU,0x3700,0,1,1
90CYE03_19_DKS.PZU,0x3707,3,0,3
90CYE03_19_DKS.PZU,0x3708,1,0,1
90CYE03_19_DKS.PZU,0x370A,0,1,1
90CYE03_19_DKS.PZU,0x7100,1,0,1
90CYE03_19_DKS.PZU,0x7108,2,0,2
90CYE03_19_DKS.PZU,0x710C,4,0,4
90CYE03_19_DKS.PZU,0x7128,1,0,1
90CYE03_19_DKS.PZU,0x7129,1,0,1
90CYE03_19_DKS.PZU,0x7138,1,0,1
90CYE03_19_DKS.PZU,0x7139,1,0,1
90CYE03_19_DKS.PZU,0x71A0,2,0,2
90CYE03_19_DKS.PZU,0x71A8,1,0,1
90CYE03_19_DKS.PZU,0x8000,1,0,1
90CYE03_19_DKS.PZU,0xFF89,1,1,2
90CYE03_19_DKS.PZU,0xFF8A,1,1,2
90CYE03_19_DKS.PZU,0xFF8B,1,1,2
90CYE04_19_2 v2_1.PZU,0x0001,10,0,10
90CYE04_19_2 v2_1.PZU,0x0010,1,0,1
90CYE04_19_2 v2_1.PZU,0x0011,1,0,1
90CYE04_19_2 v2_1.PZU,0x0013,1,0,1
90CYE04_19_2 v2_1.PZU,0x0030,3,0,3
90CYE04_19_2 v2_1.PZU,0x0035,5,0,5
90CYE04_19_2 v2_1.PZU,0x0A76,1,0,1
90CYE04_19_2 v2_1.PZU,0x0C82,1,0,1
90CYE04_19_2 v2_1.PZU,0x2F22,1,0,1
90CYE04_19_2 v2_1.PZU,0x2F23,1,0,1
90CYE04_19_2 v2_1.PZU,0x2F24,1,0,1
90CYE04_19_2 v2_1.PZU,0x2F25,1,0,1
90CYE04_19_2 v2_1.PZU,0x3000,1,0,1
90CYE04_19_2 v2_1.PZU,0x3010,1,1,2
90CYE04_19_2 v2_1.PZU,0x3012,0,1,1
90CYE04_19_2 v2_1.PZU,0x3013,4,1,5
90CYE04_19_2 v2_1.PZU,0x301D,0,1,1
90CYE04_19_2 v2_1.PZU,0x301F,0,1,1
90CYE04_19_2 v2_1.PZU,0x30B8,0,1,1
90CYE04_19_2 v2_1.PZU,0x3158,3,0,3
90CYE04_19_2 v2_1.PZU,0x3159,1,1,2
90CYE04_19_2 v2_1.PZU,0x315A,1,0,1
90CYE04_19_2 v2_1.PZU,0x315B,1,0,1
90CYE04_19_2 v2_1.PZU,0x315C,1,2,3
90CYE04_19_2 v2_1.PZU,0x315D,7,3,10
90CYE04_19_2 v2_1.PZU,0x315E,2,0,2
90CYE04_19_2 v2_1.PZU,0x3173,4,2,6
90CYE04_19_2 v2_1.PZU,0x3174,1,1,2
90CYE04_19_2 v2_1.PZU,0x3175,1,0,1
90CYE04_19_2 v2_1.PZU,0x3176,5,0,5
90CYE04_19_2 v2_1.PZU,0x3177,2,5,7
90CYE04_19_2 v2_1.PZU,0x3178,11,3,14
90CYE04_19_2 v2_1.PZU,0x3179,8,5,13
90CYE04_19_2 v2_1.PZU,0x317A,1,0,1
90CYE04_19_2 v2_1.PZU,0x317B,2,2,4
90CYE04_19_2 v2_1.PZU,0x317C,3,0,3
90CYE04_19_2 v2_1.PZU,0x317D,5,0,5
90CYE04_19_2 v2_1.PZU,0x318D,1,1,2
90CYE04_19_2 v2_1.PZU,0x318E,2,1,3
90CYE04_19_2 v2_1.PZU,0x318F,4,0,4
90CYE04_19_2 v2_1.PZU,0x3190,3,0,3
90CYE04_19_2 v2_1.PZU,0x3191,1,1,2
90CYE04_19_2 v2_1.PZU,0x3192,1,0,1
90CYE04_19_2 v2_1.PZU,0x3193,1,1,2
90CYE04_19_2 v2_1.PZU,0x3195,15,1,16
90CYE04_19_2 v2_1.PZU,0x3196,4,0,4
90CYE04_19_2 v2_1.PZU,0x319F,2,0,2
90CYE04_19_2 v2_1.PZU,0x31A0,0,1,1
90CYE04_19_2 v2_1.PZU,0x326A,1,0,1
90CYE04_19_2 v2_1.PZU,0x326F,3,0,3
90CYE04_19_2 v2_1.PZU,0x3270,13,0,13
90CYE04_19_2 v2_1.PZU,0x3271,4,0,4
90CYE04_19_2 v2_1.PZU,0x32A4,2,0,2
90CYE04_19_2 v2_1.PZU,0x32A5,10,1,11
90CYE04_19_2 v2_1.PZU,0x32A6,5,1,6
90CYE04_19_2 v2_1.PZU,0x32A7,1,0,1
90CYE04_19_2 v2_1.PZU,0x32AA,1,0,1
90CYE04_19_2 v2_1.PZU,0x32BD,2,0,2
90CYE04_19_2 v2_1.PZU,0x32BE,3,0,3
90CYE04_19_2 v2_1.PZU,0x32C4,2,0,2
90CYE04_19_2 v2_1.PZU,0x32D6,2,0,2
90CYE04_19_2 v2_1.PZU,0x32D7,27,2,29
90CYE04_19_2 v2_1.PZU,0x32D9,7,1,8
90CYE04_19_2 v2_1.PZU,0x32E2,1,0,1
90CYE04_19_2 v2_1.PZU,0x32E4,2,0,2
90CYE04_19_2 v2_1.PZU,0x32E5,4,1,5
90CYE04_19_2 v2_1.PZU,0x32E8,1,0,1
90CYE04_19_2 v2_1.PZU,0x32E9,0,1,1
90CYE04_19_2 v2_1.PZU,0x32ED,0,1,1
90CYE04_19_2 v2_1.PZU,0x3307,0,1,1
90CYE04_19_2 v2_1.PZU,0x3308,1,1,2
90CYE04_19_2 v2_1.PZU,0x330F,1,1,2
90CYE04_19_2 v2_1.PZU,0x3310,1,1,2
90CYE04_19_2 v2_1.PZU,0x3311,1,1,2
90CYE04_19_2 v2_1.PZU,0x3312,1,1,2
90CYE04_19_2 v2_1.PZU,0x3313,0,1,1
90CYE04_19_2 v2_1.PZU,0x3333,1,0,1
90CYE04_19_2 v2_1.PZU,0x336A,1,0,1
90CYE04_19_2 v2_1.PZU,0x3372,1,0,1
90CYE04_19_2 v2_1.PZU,0x337B,2,0,2
90CYE04_19_2 v2_1.PZU,0x337C,2,0,2
90CYE04_19_2 v2_1.PZU,0x4457,4,0,4
90CYE04_19_2 v2_1.PZU,0x445F,1,0,1
90CYE04_19_2 v2_1.PZU,0x4460,1,0,1
90CYE04_19_2 v2_1.PZU,0x4461,1,0,1
90CYE04_19_2 v2_1.PZU,0x4462,1,0,1
90CYE04_19_2 v2_1.PZU,0x4464,1,0,1
90CYE04_19_2 v2_1.PZU,0x4465,1,0,1
90CYE04_19_2 v2_1.PZU,0x4469,1,0,1
90CYE04_19_2 v2_1.PZU,0x446A,1,0,1
90CYE04_19_2 v2_1.PZU,0x447C,2,1,3
90CYE04_19_2 v2_1.PZU,0x447D,1,0,1
90CYE04_19_2 v2_1.PZU,0x447E,1,0,1
90CYE04_19_2 v2_1.PZU,0x447F,1,0,1
90CYE04_19_2 v2_1.PZU,0x4480,1,0,1
90CYE04_19_2 v2_1.PZU,0x4481,1,0,1
90CYE04_19_2 v2_1.PZU,0x4492,1,1,2
90CYE04_19_2 v2_1.PZU,0x4493,1,0,1
90CYE04_19_2 v2_1.PZU,0x4494,1,1,2
90CYE04_19_2 v2_1.PZU,0x4496,1,0,1
90CYE04_19_2 v2_1.PZU,0x4498,3,2,5
90CYE04_19_2 v2_1.PZU,0x4499,1,1,2
90CYE04_19_2 v2_1.PZU,0x449A,3,1,4
90CYE04_19_2 v2_1.PZU,0x449C,7,1,8
90CYE04_19_2 v2_1.PZU,0x449D,11,1,12
90CYE04_19_2 v2_1.PZU,0x449E,0,1,1
90CYE04_19_2 v2_1.PZU,0x44A3,1,0,1
90CYE04_19_2 v2_1.PZU,0x4504,2,0,2
90CYE04_19_2 v2_1.PZU,0x4535,1,0,1
90CYE04_19_2 v2_1.PZU,0x462D,28,0,28
90CYE04_19_2 v2_1.PZU,0x462E,1,1,2
90CYE04_19_2 v2_1.PZU,0x4641,8,1,9
90CYE04_19_2 v2_1.PZU,0x4648,1,0,1
90CYE04_19_2 v2_1.PZU,0x4649,1,0,1
90CYE04_19_2 v2_1.PZU,0x4742,1,0,1
90CYE04_19_2 v2_1.PZU,0x478C,1,1,2
90CYE04_19_2 v2_1.PZU,0x7400,1,0,1
90CYE04_19_2 v2_1.PZU,0x7401,1,0,1
90CYE04_19_2 v2_1.PZU,0x7406,1,0,1
90CYE04_19_2 v2_1.PZU,0x7407,1,0,1
90CYE04_19_2 v2_1.PZU,0x740A,1,0,1
90CYE04_19_2 v2_1.PZU,0x740C,10,0,10
90CYE04_19_2 v2_1.PZU,0x740D,1,0,1
90CYE04_19_2 v2_1.PZU,0x740E,2,0,2
90CYE04_19_2 v2_1.PZU,0x740F,10,0,10
90CYE04_19_2 v2_1.PZU,0x7FF0,4,0,4
90CYE04_19_2 v2_1.PZU,0x7FF2,4,3,7
90CYE04_19_2 v2_1.PZU,0x7FF4,5,0,5
90CYE04_19_2 v2_1.PZU,0x7FF6,5,2,7
90CYE04_19_2 v2_1.PZU,0x7FF8,1,0,1
90CYE04_19_2 v2_1.PZU,0x8000,1,0,1
90CYE04_19_2 v2_1.PZU,0xBFFD,1,0,1
90CYE04_19_2 v2_1.PZU,0xF801,1,0,1
90CYE04_19_DKS.PZU,0x0001,11,0,11
90CYE04_19_DKS.PZU,0x0008,1,0,1
90CYE04_19_DKS.PZU,0x0010,1,0,1
90CYE04_19_DKS.PZU,0x0011,1,0,1
90CYE04_19_DKS.PZU,0x0013,1,0,1
90CYE04_19_DKS.PZU,0x0030,3,0,3
90CYE04_19_DKS.PZU,0x0035,5,0,5
90CYE04_19_DKS.PZU,0x2F22,1,0,1
90CYE04_19_DKS.PZU,0x2F23,1,0,1
90CYE04_19_DKS.PZU,0x2F24,1,0,1
90CYE04_19_DKS.PZU,0x2F25,1,0,1
90CYE04_19_DKS.PZU,0x3000,1,0,1
90CYE04_19_DKS.PZU,0x3010,1,1,2
90CYE04_19_DKS.PZU,0x3011,0,1,1
90CYE04_19_DKS.PZU,0x3012,1,0,1
90CYE04_19_DKS.PZU,0x3013,0,1,1
90CYE04_19_DKS.PZU,0x3014,0,1,1
90CYE04_19_DKS.PZU,0x301A,1,1,2
90CYE04_19_DKS.PZU,0x301B,0,1,1
90CYE04_19_DKS.PZU,0x3048,0,1,1
90CYE04_19_DKS.PZU,0x304A,0,1,1
90CYE04_19_DKS.PZU,0x3078,0,1,1
90CYE04_19_DKS.PZU,0x30A0,1,2,3
90CYE04_19_DKS.PZU,0x30A1,3,0,3
90CYE04_19_DKS.PZU,0x30A2,1,1,2
90CYE04_19_DKS.PZU,0x30A3,1,0,1
90CYE04_19_DKS.PZU,0x30A4,2,0,2
90CYE04_19_DKS.PZU,0x30A5,1,0,1
90CYE04_19_DKS.PZU,0x30A6,1,2,3
90CYE04_19_DKS.PZU,0x30A7,6,3,9
90CYE04_19_DKS.PZU,0x30A9,2,0,2
90CYE04_19_DKS.PZU,0x30E0,1,0,1
90CYE04_19_DKS.PZU,0x30E1,1,0,1
90CYE04_19_DKS.PZU,0x30E2,0,2,2
90CYE04_19_DKS.PZU,0x30E3,4,1,5
90CYE04_19_DKS.PZU,0x30E4,1,1,2
90CYE04_19_DKS.PZU,0x30E5,3,1,4
90CYE04_19_DKS.PZU,0x30E6,0,1,1
90CYE04_19_DKS.PZU,0x30E7,5,0,5
90CYE04_19_DKS.PZU,0x30E8,0,1,1
90CYE04_19_DKS.PZU,0x30E9,2,2,4
90CYE04_19_DKS.PZU,0x30EA,11,3,14
90CYE04_19_DKS.PZU,0x30EB,5,5,10
90CYE04_19_DKS.PZU,0x30EC,1,0,1
90CYE04_19_DKS.PZU,0x30ED,2,1,3
90CYE04_19_DKS.PZU,0x30EE,9,0,9
90CYE04_19_DKS.PZU,0x30F1,1,1,2
90CYE04_19_DKS.PZU,0x30F2,2,1,3
90CYE04_19_DKS.PZU,0x30F3,4,0,4
90CYE04_19_DKS.PZU,0x30F4,3,0,3
90CYE04_19_DKS.PZU,0x30F5,1,1,2
90CYE04_19_DKS.PZU,0x30F6,1,0,1
90CYE04_19_DKS.PZU,0x30F7,1,1,2
90CYE04_19_DKS.PZU,0x30F9,12,0,12
90CYE04_19_DKS.PZU,0x30FA,4,0,4
90CYE04_19_DKS.PZU,0x30FB,3,1,4
90CYE04_19_DKS.PZU,0x30FD,2,0,2
90CYE04_19_DKS.PZU,0x30FE,0,1,1
90CYE04_19_DKS.PZU,0x3106,5,0,5
90CYE04_19_DKS.PZU,0x3121,2,1,3
90CYE04_19_DKS.PZU,0x3122,7,1,8
90CYE04_19_DKS.PZU,0x3125,14,0,14
90CYE04_19_DKS.PZU,0x3126,4,0,4
90CYE04_19_DKS.PZU,0x3127,1,0,1
90CYE04_19_DKS.PZU,0x315A,2,0,2
90CYE04_19_DKS.PZU,0x315B,8,1,9
90CYE04_19_DKS.PZU,0x315C,0,1,1
90CYE04_19_DKS.PZU,0x315D,3,1,4
90CYE04_19_DKS.PZU,0x315E,1,0,1
90CYE04_19_DKS.PZU,0x3161,1,0,1
90CYE04_19_DKS.PZU,0x316D,1,0,1
90CYE04_19_DKS.PZU,0x317F,2,1,3
90CYE04_19_DKS.PZU,0x3180,1,0,1
90CYE04_19_DKS.PZU,0x3181,2,0,2
90CYE04_19_DKS.PZU,0x3182,1,0,1
90CYE04_19_DKS.PZU,0x319A,2,0,2
90CYE04_19_DKS.PZU,0x319D,0,1,1
90CYE04_19_DKS.PZU,0x319E,4,1,5
90CYE04_19_DKS.PZU,0x319F,1,1,2
90CYE04_19_DKS.PZU,0x31A0,2,1,3
90CYE04_19_DKS.PZU,0x31A1,4,0,4
90CYE04_19_DKS.PZU,0x31A2,3,0,3
90CYE04_19_DKS.PZU,0x31A3,1,1,2
90CYE04_19_DKS.PZU,0x31A4,1,0,1
90CYE04_19_DKS.PZU,0x31A5,1,1,2
90CYE04_19_DKS.PZU,0x31A7,3,2,5
90CYE04_19_DKS.PZU,0x31A8,1,1,2
90CYE04_19_DKS.PZU,0x31A9,0,1,1
90CYE04_19_DKS.PZU,0x31B1,5,0,5
90CYE04_19_DKS.PZU,0x31BA,1,1,2
90CYE04_19_DKS.PZU,0x31BB,1,1,2
90CYE04_19_DKS.PZU,0x31BC,1,1,2
90CYE04_19_DKS.PZU,0x31BD,1,1,2
90CYE04_19_DKS.PZU,0x31BF,2,0,2
90CYE04_19_DKS.PZU,0x3205,1,0,1
90CYE04_19_DKS.PZU,0x3208,1,0,1
90CYE04_19_DKS.PZU,0x3600,2,1,3
90CYE04_19_DKS.PZU,0x3601,1,0,1
90CYE04_19_DKS.PZU,0x3602,1,0,1
90CYE04_19_DKS.PZU,0x3603,1,0,1
90CYE04_19_DKS.PZU,0x3604,1,0,1
90CYE04_19_DKS.PZU,0x3605,1,0,1
90CYE04_19_DKS.PZU,0x3606,1,0,1
90CYE04_19_DKS.PZU,0x3608,3,2,5
90CYE04_19_DKS.PZU,0x3609,1,1,2
90CYE04_19_DKS.PZU,0x360A,2,1,3
90CYE04_19_DKS.PZU,0x360B,4,1,5
90CYE04_19_DKS.PZU,0x360C,13,1,14
90CYE04_19_DKS.PZU,0x360D,0,1,1
90CYE04_19_DKS.PZU,0x3612,3,4,7
90CYE04_19_DKS.PZU,0x3613,3,4,7
90CYE04_19_DKS.PZU,0x3614,1,2,3
90CYE04_19_DKS.PZU,0x3615,0,2,2
90CYE04_19_DKS.PZU,0x3616,1,1,2
90CYE04_19_DKS.PZU,0x3617,1,3,4
90CYE04_19_DKS.PZU,0x3618,1,0,1
90CYE04_19_DKS.PZU,0x3619,1,0,1
90CYE04_19_DKS.PZU,0x361A,8,1,9
90CYE04_19_DKS.PZU,0x361B,3,1,4
90CYE04_19_DKS.PZU,0x361C,4,1,5
90CYE04_19_DKS.PZU,0x361D,0,1,1
90CYE04_19_DKS.PZU,0x361F,2,0,2
90CYE04_19_DKS.PZU,0x3640,1,0,1
90CYE04_19_DKS.PZU,0x36D3,25,0,25
90CYE04_19_DKS.PZU,0x36D4,5,0,5
90CYE04_19_DKS.PZU,0x36D5,4,3,7
90CYE04_19_DKS.PZU,0x36D6,5,2,7
90CYE04_19_DKS.PZU,0x36D7,1,0,1
90CYE04_19_DKS.PZU,0x36D8,4,0,4
90CYE04_19_DKS.PZU,0x36D9,1,1,2
90CYE04_19_DKS.PZU,0x36EC,1,0,1
90CYE04_19_DKS.PZU,0x36ED,1,1,2
90CYE04_19_DKS.PZU,0x36EE,2,1,3
90CYE04_19_DKS.PZU,0x36EF,1,1,2
90CYE04_19_DKS.PZU,0x36F0,0,1,1
90CYE04_19_DKS.PZU,0x36F1,0,1,1
90CYE04_19_DKS.PZU,0x36F2,4,1,5
90CYE04_19_DKS.PZU,0x36F3,4,1,5
90CYE04_19_DKS.PZU,0x36F4,4,1,5
90CYE04_19_DKS.PZU,0x36F5,2,1,3
90CYE04_19_DKS.PZU,0x36F6,2,1,3
90CYE04_19_DKS.PZU,0x36F7,2,1,3
90CYE04_19_DKS.PZU,0x36F8,2,1,3
90CYE04_19_DKS.PZU,0x36F9,3,1,4
90CYE04_19_DKS.PZU,0x36FA,2,1,3
90CYE04_19_DKS.PZU,0x36FB,1,1,2
90CYE04_19_DKS.PZU,0x36FC,1,1,2
90CYE04_19_DKS.PZU,0x36FD,1,1,2
90CYE04_19_DKS.PZU,0x36FF,0,1,1
90CYE04_19_DKS.PZU,0x3700,0,1,1
90CYE04_19_DKS.PZU,0x3707,3,0,3
90CYE04_19_DKS.PZU,0x3708,1,0,1
90CYE04_19_DKS.PZU,0x370A,0,1,1
90CYE04_19_DKS.PZU,0x7100,1,0,1
90CYE04_19_DKS.PZU,0x7108,2,0,2
90CYE04_19_DKS.PZU,0x710C,4,0,4
90CYE04_19_DKS.PZU,0x7128,1,0,1
90CYE04_19_DKS.PZU,0x7129,1,0,1
90CYE04_19_DKS.PZU,0x7138,1,0,1
90CYE04_19_DKS.PZU,0x7139,1,0,1
90CYE04_19_DKS.PZU,0x71A0,2,0,2
90CYE04_19_DKS.PZU,0x71A8,1,0,1
90CYE04_19_DKS.PZU,0x8000,1,0,1
90CYE04_19_DKS.PZU,0xFF89,1,1,2
90CYE04_19_DKS.PZU,0xFF8A,1,1,2
90CYE04_19_DKS.PZU,0xFF8B,1,1,2
A03_26.PZU,0x0001,8,0,8
A03_26.PZU,0x0010,1,0,1
A03_26.PZU,0x0011,1,0,1
A03_26.PZU,0x0013,1,0,1
A03_26.PZU,0x0030,4,0,4
A03_26.PZU,0x0035,5,0,5
A03_26.PZU,0x2F22,1,0,1
A03_26.PZU,0x2F23,1,0,1
A03_26.PZU,0x2F24,1,0,1
A03_26.PZU,0x2F25,1,0,1
A03_26.PZU,0x3000,1,1,2
A03_26.PZU,0x3010,2,1,3
A03_26.PZU,0x3013,0,1,1
A03_26.PZU,0x3031,0,1,1
A03_26.PZU,0x30AE,1,0,1
A03_26.PZU,0x30AF,1,0,1
A03_26.PZU,0x30D8,0,1,1
A03_26.PZU,0x3150,1,0,1
A03_26.PZU,0x3153,1,0,1
A03_26.PZU,0x325E,2,0,2
A03_26.PZU,0x325F,2,1,3
A03_26.PZU,0x3260,6,0,6
A03_26.PZU,0x3281,2,4,6
A03_26.PZU,0x3282,7,3,10
A03_26.PZU,0x3283,3,1,4
A03_26.PZU,0x3286,1,0,1
A03_26.PZU,0x3288,2,0,2
A03_26.PZU,0x328B,7,0,7
A03_26.PZU,0x328C,5,0,5
A03_26.PZU,0x328F,5,0,5
A03_26.PZU,0x3290,4,1,5
A03_26.PZU,0x3291,1,1,2
A03_26.PZU,0x3292,10,5,15
A03_26.PZU,0x3293,12,8,20
A03_26.PZU,0x3294,1,0,1
A03_26.PZU,0x3295,2,1,3
A03_26.PZU,0x3296,3,0,3
A03_26.PZU,0x3298,13,0,13
A03_26.PZU,0x3299,4,0,4
A03_26.PZU,0x329B,2,0,2
A03_26.PZU,0x329C,10,1,11
A03_26.PZU,0x329D,0,1,1
A03_26.PZU,0x329E,5,1,6
A03_26.PZU,0x329F,4,0,4
A03_26.PZU,0x32A1,1,0,1
A03_26.PZU,0x3311,1,0,1
A03_26.PZU,0x3315,1,0,1
A03_26.PZU,0x3415,2,0,2
A03_26.PZU,0x3416,2,0,2
A03_26.PZU,0x4D23,1,0,1
A03_26.PZU,0x4DB5,5,1,6
A03_26.PZU,0x4DB6,1,0,1
A03_26.PZU,0x4DB7,2,0,2
A03_26.PZU,0x4DB8,1,1,2
A03_26.PZU,0x4DB9,1,1,2
A03_26.PZU,0x4DBA,1,1,2
A03_26.PZU,0x4DBB,1,1,2
A03_26.PZU,0x4E0E,2,1,3
A03_26.PZU,0x4E0F,1,0,1
A03_26.PZU,0x4E10,1,0,1
A03_26.PZU,0x4E11,1,0,1
A03_26.PZU,0x4E12,1,0,1
A03_26.PZU,0x4E13,1,0,1
A03_26.PZU,0x4E54,1,1,2
A03_26.PZU,0x4E56,2,0,2
A03_26.PZU,0x4E57,2,0,2
A03_26.PZU,0x4E5E,1,0,1
A03_26.PZU,0x4E5F,2,2,4
A03_26.PZU,0x4E60,2,1,3
A03_26.PZU,0x4E63,6,2,8
A03_26.PZU,0x4E64,8,1,9
A03_26.PZU,0x4E65,2,2,4
A03_26.PZU,0x4E6A,2,0,2
A03_26.PZU,0x4E9F,1,0,1
A03_26.PZU,0x4FCE,29,0,29
A03_26.PZU,0x4FCF,1,1,2
A03_26.PZU,0x4FD0,2,1,3
A03_26.PZU,0x4FD7,1,0,1
A03_26.PZU,0x4FD8,1,0,1
A03_26.PZU,0x4FDA,0,1,1
A03_26.PZU,0x50D1,1,0,1
A03_26.PZU,0x50D8,0,1,1
A03_26.PZU,0x50F9,0,1,1
A03_26.PZU,0x6806,3,0,3
A03_26.PZU,0x6814,1,0,1
A03_26.PZU,0x681A,2,0,2
A03_26.PZU,0x681C,1,0,1
A03_26.PZU,0x681E,1,0,1
A03_26.PZU,0x6820,1,0,1
A03_26.PZU,0x6822,1,0,1
A03_26.PZU,0x6824,1,0,1
A03_26.PZU,0x682C,0,1,1
A03_26.PZU,0x7400,1,0,1
A03_26.PZU,0x740B,1,0,1
A03_26.PZU,0x740C,2,0,2
A03_26.PZU,0x740D,1,0,1
A03_26.PZU,0x740E,1,0,1
A03_26.PZU,0x7FF0,4,0,4
A03_26.PZU,0x7FF2,4,3,7
A03_26.PZU,0x7FF4,5,0,5
A03_26.PZU,0x7FF6,5,2,7
A03_26.PZU,0x7FF8,1,0,1
A03_26.PZU,0x8000,1,0,1
A03_26.PZU,0xBFF0,1,0,1
A03_26.PZU,0xF801,1,0,1
A04_28.PZU,0x0001,8,0,8
A04_28.PZU,0x0010,1,0,1
A04_28.PZU,0x0011,1,0,1
A04_28.PZU,0x0013,1,0,1
A04_28.PZU,0x0030,4,0,4
A04_28.PZU,0x0035,5,0,5
A04_28.PZU,0x2F22,1,0,1
A04_28.PZU,0x2F23,1,0,1
A04_28.PZU,0x2F24,1,0,1
A04_28.PZU,0x2F25,1,0,1
A04_28.PZU,0x3000,1,1,2
A04_28.PZU,0x3010,2,1,3
A04_28.PZU,0x3013,0,1,1
A04_28.PZU,0x3031,0,1,1
A04_28.PZU,0x30AE,1,0,1
A04_28.PZU,0x30AF,1,0,1
A04_28.PZU,0x30D8,0,1,1
A04_28.PZU,0x3150,1,0,1
A04_28.PZU,0x3153,1,0,1
A04_28.PZU,0x325E,2,0,2
A04_28.PZU,0x325F,2,1,3
A04_28.PZU,0x3260,8,0,8
A04_28.PZU,0x3281,3,5,8
A04_28.PZU,0x3282,7,3,10
A04_28.PZU,0x3283,3,1,4
A04_28.PZU,0x3286,1,0,1
A04_28.PZU,0x3288,2,0,2
A04_28.PZU,0x328B,7,0,7
A04_28.PZU,0x328C,6,0,6
A04_28.PZU,0x328D,5,0,5
A04_28.PZU,0x328E,4,0,4
A04_28.PZU,0x3295,4,1,5
A04_28.PZU,0x3296,1,1,2
A04_28.PZU,0x3297,13,5,18
A04_28.PZU,0x3298,12,8,20
A04_28.PZU,0x3299,1,0,1
A04_28.PZU,0x329A,2,1,3
A04_28.PZU,0x329B,3,0,3
A04_28.PZU,0x329C,13,0,13
A04_28.PZU,0x329D,4,0,4
A04_28.PZU,0x329F,2,0,2
A04_28.PZU,0x32A0,11,1,12
A04_28.PZU,0x32A1,0,1,1
A04_28.PZU,0x32A2,5,1,6
A04_28.PZU,0x32A3,13,0,13
A04_28.PZU,0x32A4,1,0,1
A04_28.PZU,0x3313,1,0,1
A04_28.PZU,0x3317,1,0,1
A04_28.PZU,0x3417,2,0,2
A04_28.PZU,0x3418,2,0,2
A04_28.PZU,0x4D19,1,0,1
A04_28.PZU,0x4DAB,5,1,6
A04_28.PZU,0x4DAC,1,0,1
A04_28.PZU,0x4DAD,2,0,2
A04_28.PZU,0x4DAE,1,1,2
A04_28.PZU,0x4DAF,1,1,2
A04_28.PZU,0x4DB0,1,1,2
A04_28.PZU,0x4DB1,1,1,2
A04_28.PZU,0x4E03,2,1,3
A04_28.PZU,0x4E04,1,0,1
A04_28.PZU,0x4E05,1,0,1
A04_28.PZU,0x4E06,1,0,1
A04_28.PZU,0x4E07,1,0,1
A04_28.PZU,0x4E08,1,0,1
A04_28.PZU,0x4EA9,1,1,2
A04_28.PZU,0x4EAB,16,2,18
A04_28.PZU,0x4EAC,2,0,2
A04_28.PZU,0x4EB3,1,0,1
A04_28.PZU,0x4EB4,4,3,7
A04_28.PZU,0x4EB5,3,2,5
A04_28.PZU,0x4EB6,5,1,6
A04_28.PZU,0x4EB8,6,2,8
A04_28.PZU,0x4EB9,9,1,10
A04_28.PZU,0x4EBA,2,2,4
A04_28.PZU,0x4EBF,2,0,2
A04_28.PZU,0x4EF4,1,0,1
A04_28.PZU,0x5003,32,0,32
A04_28.PZU,0x5004,1,1,2
A04_28.PZU,0x5005,2,1,3
A04_28.PZU,0x500C,1,0,1
A04_28.PZU,0x500D,1,0,1
A04_28.PZU,0x500F,0,1,1
A04_28.PZU,0x5106,1,0,1
A04_28.PZU,0x510D,0,1,1
A04_28.PZU,0x512E,0,1,1
A04_28.PZU,0x6810,1,0,1
A04_28.PZU,0x6812,1,0,1
A04_28.PZU,0x6814,1,1,2
A04_28.PZU,0x6815,2,0,2
A04_28.PZU,0x681A,2,0,2
A04_28.PZU,0x681C,1,0,1
A04_28.PZU,0x681E,1,0,1
A04_28.PZU,0x6820,1,0,1
A04_28.PZU,0x6822,1,0,1
A04_28.PZU,0x6824,1,0,1
A04_28.PZU,0x682C,0,1,1
A04_28.PZU,0x7400,1,0,1
A04_28.PZU,0x740B,1,0,1
A04_28.PZU,0x740C,2,0,2
A04_28.PZU,0x740D,1,0,1
A04_28.PZU,0x740E,1,0,1
A04_28.PZU,0x7FF0,4,0,4
A04_28.PZU,0x7FF2,4,3,7
A04_28.PZU,0x7FF4,5,0,5
A04_28.PZU,0x7FF6,5,2,7
A04_28.PZU,0x7FF8,1,0,1
A04_28.PZU,0x8000,1,0,1
A04_28.PZU,0xF801,1,0,1
ppkp2001 90cye01.PZU,0x0001,7,0,7
ppkp2001 90cye01.PZU,0x0010,1,0,1
ppkp2001 90cye01.PZU,0x0011,1,0,1
ppkp2001 90cye01.PZU,0x0013,1,0,1
ppkp2001 90cye01.PZU,0x0030,3,0,3
ppkp2001 90cye01.PZU,0x0035,5,0,5
ppkp2001 90cye01.PZU,0x08A3,1,0,1
ppkp2001 90cye01.PZU,0x0A76,1,0,1
ppkp2001 90cye01.PZU,0x0C82,1,0,1
ppkp2001 90cye01.PZU,0x2F22,1,0,1
ppkp2001 90cye01.PZU,0x2F23,1,0,1
ppkp2001 90cye01.PZU,0x2F24,1,0,1
ppkp2001 90cye01.PZU,0x2F25,1,0,1
ppkp2001 90cye01.PZU,0x3000,2,0,2
ppkp2001 90cye01.PZU,0x3010,1,1,2
ppkp2001 90cye01.PZU,0x3012,1,0,1
ppkp2001 90cye01.PZU,0x3013,1,0,1
ppkp2001 90cye01.PZU,0x3014,0,1,1
ppkp2001 90cye01.PZU,0x3015,1,0,1
ppkp2001 90cye01.PZU,0x3016,1,0,1
ppkp2001 90cye01.PZU,0x3017,1,0,1
ppkp2001 90cye01.PZU,0x3018,1,0,1
ppkp2001 90cye01.PZU,0x3019,1,0,1
ppkp2001 90cye01.PZU,0x301B,1,0,1
ppkp2001 90cye01.PZU,0x31AD,1,0,1
ppkp2001 90cye01.PZU,0x34CD,1,0,1
ppkp2001 90cye01.PZU,0x37ED,1,0,1
ppkp2001 90cye01.PZU,0x3B0D,1,0,1
ppkp2001 90cye01.PZU,0x4AAD,1,0,1
ppkp2001 90cye01.PZU,0x4DCD,1,0,1
ppkp2001 90cye01.PZU,0x50ED,1,0,1
ppkp2001 90cye01.PZU,0x53A3,1,0,1
ppkp2001 90cye01.PZU,0x540D,1,0,1
ppkp2001 90cye01.PZU,0x63ED,1,0,1
ppkp2001 90cye01.PZU,0x63EE,1,0,1
ppkp2001 90cye01.PZU,0x63F2,1,0,1
ppkp2001 90cye01.PZU,0x63F5,0,1,1
ppkp2001 90cye01.PZU,0x63F6,2,0,2
ppkp2001 90cye01.PZU,0x63F7,2,0,2
ppkp2001 90cye01.PZU,0x63F8,2,0,2
ppkp2001 90cye01.PZU,0x63F9,2,0,2
ppkp2001 90cye01.PZU,0x63FA,2,0,2
ppkp2001 90cye01.PZU,0x63FB,2,0,2
ppkp2001 90cye01.PZU,0x63FC,2,0,2
ppkp2001 90cye01.PZU,0x63FD,2,0,2
ppkp2001 90cye01.PZU,0x6406,27,0,27
ppkp2001 90cye01.PZU,0x6408,9,2,11
ppkp2001 90cye01.PZU,0x6419,4,1,5
ppkp2001 90cye01.PZU,0x641A,3,0,3
ppkp2001 90cye01.PZU,0x641B,4,0,4
ppkp2001 90cye01.PZU,0x641C,3,2,5
ppkp2001 90cye01.PZU,0x641D,3,2,5
ppkp2001 90cye01.PZU,0x641E,3,2,5
ppkp2001 90cye01.PZU,0x641F,1,0,1
ppkp2001 90cye01.PZU,0x6420,0,1,1
ppkp2001 90cye01.PZU,0x6421,4,0,4
ppkp2001 90cye01.PZU,0x6422,36,0,36
ppkp2001 90cye01.PZU,0x6423,2,3,5
ppkp2001 90cye01.PZU,0x642F,3,1,4
ppkp2001 90cye01.PZU,0x6433,1,3,4
ppkp2001 90cye01.PZU,0x643F,3,1,4
ppkp2001 90cye01.PZU,0x6463,2,0,2
ppkp2001 90cye01.PZU,0x6464,3,1,4
ppkp2001 90cye01.PZU,0x6465,2,0,2
ppkp2001 90cye01.PZU,0x646E,2,1,3
ppkp2001 90cye01.PZU,0x6477,1,1,2
ppkp2001 90cye01.PZU,0x6478,1,1,2
ppkp2001 90cye01.PZU,0x6479,1,1,2
ppkp2001 90cye01.PZU,0x647A,1,1,2
ppkp2001 90cye01.PZU,0x647B,1,0,1
ppkp2001 90cye01.PZU,0x647C,1,0,1
ppkp2001 90cye01.PZU,0x647D,1,0,1
ppkp2001 90cye01.PZU,0x647E,2,0,2
ppkp2001 90cye01.PZU,0x647F,2,2,4
ppkp2001 90cye01.PZU,0x6480,2,1,3
ppkp2001 90cye01.PZU,0x6482,3,0,3
ppkp2001 90cye01.PZU,0x6483,1,0,1
ppkp2001 90cye01.PZU,0x6587,1,0,1
ppkp2001 90cye01.PZU,0x6588,1,0,1
ppkp2001 90cye01.PZU,0x658A,0,1,1
ppkp2001 90cye01.PZU,0x66C1,3,0,3
ppkp2001 90cye01.PZU,0x66C2,11,0,11
ppkp2001 90cye01.PZU,0x66C3,1,0,1
ppkp2001 90cye01.PZU,0x66C4,1,1,2
ppkp2001 90cye01.PZU,0x66C6,2,0,2
ppkp2001 90cye01.PZU,0x66C7,4,0,4
ppkp2001 90cye01.PZU,0x66E4,2,1,3
ppkp2001 90cye01.PZU,0x66E6,1,1,2
ppkp2001 90cye01.PZU,0x66E7,1,1,2
ppkp2001 90cye01.PZU,0x66E8,7,2,9
ppkp2001 90cye01.PZU,0x66E9,2,2,4
ppkp2001 90cye01.PZU,0x66EA,29,2,31
ppkp2001 90cye01.PZU,0x66EB,1,2,3
ppkp2001 90cye01.PZU,0x67C0,2,0,2
ppkp2001 90cye01.PZU,0x67C4,2,0,2
ppkp2001 90cye01.PZU,0x67C5,3,0,3
ppkp2001 90cye01.PZU,0x67C7,1,0,1
ppkp2001 90cye01.PZU,0x67C8,1,0,1
ppkp2001 90cye01.PZU,0x67E4,1,0,1
ppkp2001 90cye01.PZU,0x67EA,1,0,1
ppkp2001 90cye01.PZU,0x759C,34,8,42
ppkp2001 90cye01.PZU,0x759D,19,16,35
ppkp2001 90cye01.PZU,0x75A5,3,0,3
ppkp2001 90cye01.PZU,0x75A6,4,0,4
ppkp2001 90cye01.PZU,0x75A7,18,5,23
ppkp2001 90cye01.PZU,0x75A8,1,0,1
ppkp2001 90cye01.PZU,0x75A9,5,5,10
ppkp2001 90cye01.PZU,0x75AA,46,3,49
ppkp2001 90cye01.PZU,0x75AB,30,4,34
ppkp2001 90cye01.PZU,0x75AC,1,2,3
ppkp2001 90cye01.PZU,0x75AD,4,0,4
ppkp2001 90cye01.PZU,0x75AF,5,0,5
ppkp2001 90cye01.PZU,0x75B1,13,1,14
ppkp2001 90cye01.PZU,0x7626,3,1,4
ppkp2001 90cye01.PZU,0x7627,1,0,1
ppkp2001 90cye01.PZU,0x762A,2,0,2
ppkp2001 90cye01.PZU,0x762D,2,0,2
ppkp2001 90cye01.PZU,0x762E,2,1,3
ppkp2001 90cye01.PZU,0x762F,1,1,2
ppkp2001 90cye01.PZU,0x7630,1,0,1
ppkp2001 90cye01.PZU,0x7632,1,0,1
ppkp2001 90cye01.PZU,0x7638,2,0,2
ppkp2001 90cye01.PZU,0x7639,1,0,1
ppkp2001 90cye01.PZU,0x763A,1,0,1
ppkp2001 90cye01.PZU,0x7640,1,1,2
ppkp2001 90cye01.PZU,0x7648,1,0,1
ppkp2001 90cye01.PZU,0x764E,1,0,1
ppkp2001 90cye01.PZU,0x78E1,2,0,2
ppkp2001 90cye01.PZU,0x78E2,1,0,1
ppkp2001 90cye01.PZU,0x78E3,1,0,1
ppkp2001 90cye01.PZU,0x78E4,1,1,2
ppkp2001 90cye01.PZU,0x78E5,3,0,3
ppkp2001 90cye01.PZU,0x78E7,4,0,4
ppkp2001 90cye01.PZU,0x78E9,2,0,2
ppkp2001 90cye01.PZU,0x78EB,3,0,3
ppkp2001 90cye01.PZU,0x78ED,4,0,4
ppkp2001 90cye01.PZU,0x78F1,1,1,2
ppkp2001 90cye01.PZU,0x7F9C,0,1,1
ppkp2001 90cye01.PZU,0xBBA3,1,0,1
ppkp2001 90cye01.PZU,0xBFA3,1,0,1
ppkp2001 90cye01.PZU,0xBFE9,0,1,1
ppkp2001 90cye01.PZU,0xC575,0,1,1
ppkp2001 90cye01.PZU,0xD1E4,0,1,1
ppkp2001 90cye01.PZU,0xE575,0,1,1
ppkp2001 90cye01.PZU,0xFF89,0,1,1
ppkp2012 a01.PZU,0x0001,6,0,6
ppkp2012 a01.PZU,0x0010,1,0,1
ppkp2012 a01.PZU,0x0011,1,0,1
ppkp2012 a01.PZU,0x0013,1,0,1
ppkp2012 a01.PZU,0x0030,3,0,3
ppkp2012 a01.PZU,0x0035,5,0,5
ppkp2012 a01.PZU,0x08A3,1,0,1
ppkp2012 a01.PZU,0x0A76,1,0,1
ppkp2012 a01.PZU,0x0C82,1,0,1
ppkp2012 a01.PZU,0x2F22,1,0,1
ppkp2012 a01.PZU,0x2F23,1,0,1
ppkp2012 a01.PZU,0x2F24,1,0,1
ppkp2012 a01.PZU,0x2F25,1,0,1
ppkp2012 a01.PZU,0x3000,2,0,2
ppkp2012 a01.PZU,0x3010,2,0,2
ppkp2012 a01.PZU,0x3012,1,0,1
ppkp2012 a01.PZU,0x3013,1,0,1
ppkp2012 a01.PZU,0x3014,0,1,1
ppkp2012 a01.PZU,0x3015,1,0,1
ppkp2012 a01.PZU,0x3016,1,0,1
ppkp2012 a01.PZU,0x3017,1,0,1
ppkp2012 a01.PZU,0x3018,1,0,1
ppkp2012 a01.PZU,0x3019,1,0,1
ppkp2012 a01.PZU,0x301A,1,0,1
ppkp2012 a01.PZU,0x301B,1,0,1
ppkp2012 a01.PZU,0x301C,1,0,1
ppkp2012 a01.PZU,0x31AD,1,0,1
ppkp2012 a01.PZU,0x34CD,1,0,1
ppkp2012 a01.PZU,0x37ED,1,0,1
ppkp2012 a01.PZU,0x3B0D,1,0,1
ppkp2012 a01.PZU,0x3E2D,1,0,1
ppkp2012 a01.PZU,0x414D,1,0,1
ppkp2012 a01.PZU,0x446D,1,0,1
ppkp2012 a01.PZU,0x478D,1,0,1
ppkp2012 a01.PZU,0x4AAD,1,0,1
ppkp2012 a01.PZU,0x4DCD,1,0,1
ppkp2012 a01.PZU,0x50ED,1,0,1
ppkp2012 a01.PZU,0x540D,1,0,1
ppkp2012 a01.PZU,0x572D,1,0,1
ppkp2012 a01.PZU,0x5A4D,1,0,1
ppkp2012 a01.PZU,0x5D6D,1,0,1
ppkp2012 a01.PZU,0x608D,1,0,1
ppkp2012 a01.PZU,0x63ED,1,0,1
ppkp2012 a01.PZU,0x63EE,1,0,1
ppkp2012 a01.PZU,0x63EF,1,0,1
ppkp2012 a01.PZU,0x63F0,1,0,1
ppkp2012 a01.PZU,0x63F2,1,0,1
ppkp2012 a01.PZU,0x63F3,1,0,1
ppkp2012 a01.PZU,0x63F4,1,0,1
ppkp2012 a01.PZU,0x63F5,0,1,1
ppkp2012 a01.PZU,0x63F6,2,0,2
ppkp2012 a01.PZU,0x63F7,2,0,2
ppkp2012 a01.PZU,0x63F8,2,0,2
ppkp2012 a01.PZU,0x63F9,2,0,2
ppkp2012 a01.PZU,0x63FA,2,0,2
ppkp2012 a01.PZU,0x63FB,2,0,2
ppkp2012 a01.PZU,0x63FC,2,0,2
ppkp2012 a01.PZU,0x63FD,2,0,2
ppkp2012 a01.PZU,0x63FE,2,0,2
ppkp2012 a01.PZU,0x63FF,2,0,2
ppkp2012 a01.PZU,0x6400,2,0,2
ppkp2012 a01.PZU,0x6401,2,0,2
ppkp2012 a01.PZU,0x6402,2,0,2
ppkp2012 a01.PZU,0x6403,2,0,2
ppkp2012 a01.PZU,0x6404,2,0,2
ppkp2012 a01.PZU,0x6405,2,0,2
ppkp2012 a01.PZU,0x6406,9,0,9
ppkp2012 a01.PZU,0x6408,9,2,11
ppkp2012 a01.PZU,0x6419,4,1,5
ppkp2012 a01.PZU,0x641A,3,0,3
ppkp2012 a01.PZU,0x641B,4,0,4
ppkp2012 a01.PZU,0x641C,3,2,5
ppkp2012 a01.PZU,0x641D,3,2,5
ppkp2012 a01.PZU,0x641E,3,2,5
ppkp2012 a01.PZU,0x641F,1,0,1
ppkp2012 a01.PZU,0x6420,0,1,1
ppkp2012 a01.PZU,0x6421,4,0,4
ppkp2012 a01.PZU,0x6422,36,0,36
ppkp2012 a01.PZU,0x6423,2,3,5
ppkp2012 a01.PZU,0x642F,3,1,4
ppkp2012 a01.PZU,0x6433,1,3,4
ppkp2012 a01.PZU,0x643F,3,1,4
ppkp2012 a01.PZU,0x6443,1,3,4
ppkp2012 a01.PZU,0x644F,3,1,4
ppkp2012 a01.PZU,0x6453,1,3,4
ppkp2012 a01.PZU,0x645F,3,1,4
ppkp2012 a01.PZU,0x6463,4,1,5
ppkp2012 a01.PZU,0x646C,1,1,2
ppkp2012 a01.PZU,0x646D,1,1,2
ppkp2012 a01.PZU,0x646E,1,1,2
ppkp2012 a01.PZU,0x646F,1,1,2
ppkp2012 a01.PZU,0x6470,1,0,1
ppkp2012 a01.PZU,0x6471,1,0,1
ppkp2012 a01.PZU,0x6472,1,0,1
ppkp2012 a01.PZU,0x6473,1,0,1
ppkp2012 a01.PZU,0x6474,1,0,1
ppkp2012 a01.PZU,0x6475,4,0,4
ppkp2012 a01.PZU,0x6476,2,2,4
ppkp2012 a01.PZU,0x6477,2,1,3
ppkp2012 a01.PZU,0x6479,3,0,3
ppkp2012 a01.PZU,0x647A,1,0,1
ppkp2012 a01.PZU,0x657E,1,0,1
ppkp2012 a01.PZU,0x657F,1,0,1
ppkp2012 a01.PZU,0x6581,0,1,1
ppkp2012 a01.PZU,0x66B8,3,0,3
ppkp2012 a01.PZU,0x66B9,11,0,11
ppkp2012 a01.PZU,0x66BA,1,0,1
ppkp2012 a01.PZU,0x66BB,1,1,2
ppkp2012 a01.PZU,0x66BD,2,0,2
ppkp2012 a01.PZU,0x66BE,4,0,4
ppkp2012 a01.PZU,0x66DB,2,1,3
ppkp2012 a01.PZU,0x66DD,1,0,1
ppkp2012 a01.PZU,0x66DF,1,0,1
ppkp2012 a01.PZU,0x66E1,1,0,1
ppkp2012 a01.PZU,0x66E3,1,1,2
ppkp2012 a01.PZU,0x66E4,1,1,2
ppkp2012 a01.PZU,0x66E5,1,1,2
ppkp2012 a01.PZU,0x66E6,1,1,2
ppkp2012 a01.PZU,0x66E7,1,1,2
ppkp2012 a01.PZU,0x66E8,1,0,1
ppkp2012 a01.PZU,0x66E9,1,0,1
ppkp2012 a01.PZU,0x66EB,7,2,9
ppkp2012 a01.PZU,0x66EC,2,2,4
ppkp2012 a01.PZU,0x66ED,29,2,31
ppkp2012 a01.PZU,0x66EE,1,2,3
ppkp2012 a01.PZU,0x67C3,2,0,2
ppkp2012 a01.PZU,0x67CB,2,0,2
ppkp2012 a01.PZU,0x67CC,3,0,3
ppkp2012 a01.PZU,0x67D1,1,0,1
ppkp2012 a01.PZU,0x67D2,1,0,1
ppkp2012 a01.PZU,0x67D3,1,0,1
ppkp2012 a01.PZU,0x67D4,1,0,1
ppkp2012 a01.PZU,0x67E7,1,0,1
ppkp2012 a01.PZU,0x67ED,1,0,1
ppkp2012 a01.PZU,0x759F,34,7,41
ppkp2012 a01.PZU,0x75A0,19,16,35
ppkp2012 a01.PZU,0x75A8,3,0,3
ppkp2012 a01.PZU,0x75A9,4,0,4
ppkp2012 a01.PZU,0x75AA,18,5,23
ppkp2012 a01.PZU,0x75AB,1,0,1
ppkp2012 a01.PZU,0x75AC,5,5,10
ppkp2012 a01.PZU,0x75AD,46,3,49
ppkp2012 a01.PZU,0x75AE,30,4,34
ppkp2012 a01.PZU,0x75AF,1,2,3
ppkp2012 a01.PZU,0x75B0,4,0,4
ppkp2012 a01.PZU,0x75B2,5,0,5
ppkp2012 a01.PZU,0x75B4,13,2,15
ppkp2012 a01.PZU,0x7629,3,1,4
ppkp2012 a01.PZU,0x762A,1,0,1
ppkp2012 a01.PZU,0x762D,2,0,2
ppkp2012 a01.PZU,0x7630,2,0,2
ppkp2012 a01.PZU,0x7631,2,1,3
ppkp2012 a01.PZU,0x7632,1,1,2
ppkp2012 a01.PZU,0x7633,1,0,1
ppkp2012 a01.PZU,0x7635,1,0,1
ppkp2012 a01.PZU,0x763B,2,0,2
ppkp2012 a01.PZU,0x763C,1,0,1
ppkp2012 a01.PZU,0x763D,1,0,1
ppkp2012 a01.PZU,0x7643,1,1,2
ppkp2012 a01.PZU,0x764B,1,0,1
ppkp2012 a01.PZU,0x7651,1,0,1
ppkp2012 a01.PZU,0x7A64,4,0,4
ppkp2012 a01.PZU,0x7A65,1,0,1
ppkp2012 a01.PZU,0x7A66,1,0,1
ppkp2012 a01.PZU,0x7A67,1,1,2
ppkp2012 a01.PZU,0x7A68,3,0,3
ppkp2012 a01.PZU,0x7A6A,4,0,4
ppkp2012 a01.PZU,0x7A6C,2,0,2
ppkp2012 a01.PZU,0x7A6E,3,0,3
ppkp2012 a01.PZU,0x7A70,3,0,3
ppkp2012 a01.PZU,0x7A74,1,1,2
ppkp2012 a01.PZU,0x7F9C,0,1,1
ppkp2012 a01.PZU,0xFF89,0,1,1
ppkp2012 a01.PZU,0xFF99,0,1,1
ppkp2012 a01.PZU,0xFFA9,0,1,1
ppkp2012 a01.PZU,0xFFB9,0,1,1
ppkp2019 a02.PZU,0x0001,8,0,8
ppkp2019 a02.PZU,0x0010,1,0,1
ppkp2019 a02.PZU,0x0011,1,0,1
ppkp2019 a02.PZU,0x0013,1,0,1
ppkp2019 a02.PZU,0x0030,3,0,3
ppkp2019 a02.PZU,0x0035,5,0,5
ppkp2019 a02.PZU,0x08A3,1,0,1
ppkp2019 a02.PZU,0x0A76,1,0,1
ppkp2019 a02.PZU,0x0C82,1,0,1
ppkp2019 a02.PZU,0x2F22,1,0,1
ppkp2019 a02.PZU,0x2F23,1,0,1
ppkp2019 a02.PZU,0x2F24,1,0,1
ppkp2019 a02.PZU,0x2F25,1,0,1
ppkp2019 a02.PZU,0x3000,2,0,2
ppkp2019 a02.PZU,0x3010,1,1,2
ppkp2019 a02.PZU,0x3012,1,0,1
ppkp2019 a02.PZU,0x3013,1,0,1
ppkp2019 a02.PZU,0x3014,0,1,1
ppkp2019 a02.PZU,0x3015,1,0,1
ppkp2019 a02.PZU,0x3016,1,0,1
ppkp2019 a02.PZU,0x3017,1,0,1
ppkp2019 a02.PZU,0x3018,1,0,1
ppkp2019 a02.PZU,0x3019,1,0,1
ppkp2019 a02.PZU,0x301A,1,0,1
ppkp2019 a02.PZU,0x31AD,1,0,1
ppkp2019 a02.PZU,0x34CD,1,0,1
ppkp2019 a02.PZU,0x4AAD,1,0,1
ppkp2019 a02.PZU,0x4DCD,1,0,1
ppkp2019 a02.PZU,0x63ED,1,0,1
ppkp2019 a02.PZU,0x63EE,1,0,1
ppkp2019 a02.PZU,0x63EF,1,0,1
ppkp2019 a02.PZU,0x63F0,1,0,1
ppkp2019 a02.PZU,0x63F1,1,0,1
ppkp2019 a02.PZU,0x63F2,1,0,1
ppkp2019 a02.PZU,0x63F3,1,0,1
ppkp2019 a02.PZU,0x63F4,1,0,1
ppkp2019 a02.PZU,0x63F5,0,1,1
ppkp2019 a02.PZU,0x63F6,2,0,2
ppkp2019 a02.PZU,0x63F7,2,0,2
ppkp2019 a02.PZU,0x63F8,2,0,2
ppkp2019 a02.PZU,0x63F9,2,0,2
ppkp2019 a02.PZU,0x6406,1,0,1
ppkp2019 a02.PZU,0x6408,9,2,11
ppkp2019 a02.PZU,0x6419,4,1,5
ppkp2019 a02.PZU,0x641A,3,0,3
ppkp2019 a02.PZU,0x641B,3,0,3
ppkp2019 a02.PZU,0x641C,3,1,4
ppkp2019 a02.PZU,0x641D,3,1,4
ppkp2019 a02.PZU,0x641E,3,1,4
ppkp2019 a02.PZU,0x641F,1,0,1
ppkp2019 a02.PZU,0x6420,0,1,1
ppkp2019 a02.PZU,0x64E1,4,0,4
ppkp2019 a02.PZU,0x64E2,33,0,33
ppkp2019 a02.PZU,0x64E3,2,3,5
ppkp2019 a02.PZU,0x64EF,2,1,3
ppkp2019 a02.PZU,0x6523,1,1,2
ppkp2019 a02.PZU,0x652C,1,1,2
ppkp2019 a02.PZU,0x652D,1,1,2
ppkp2019 a02.PZU,0x652E,1,1,2
ppkp2019 a02.PZU,0x652F,1,1,2
ppkp2019 a02.PZU,0x6530,3,0,3
ppkp2019 a02.PZU,0x6531,5,0,5
ppkp2019 a02.PZU,0x6532,2,0,2
ppkp2019 a02.PZU,0x6533,2,0,2
ppkp2019 a02.PZU,0x653C,2,0,2
ppkp2019 a02.PZU,0x653D,2,0,2
ppkp2019 a02.PZU,0x6546,1,0,1
ppkp2019 a02.PZU,0x6549,2,2,4
ppkp2019 a02.PZU,0x654A,2,1,3
ppkp2019 a02.PZU,0x6620,3,0,3
ppkp2019 a02.PZU,0x6621,1,0,1
ppkp2019 a02.PZU,0x6725,1,0,1
ppkp2019 a02.PZU,0x6726,1,0,1
ppkp2019 a02.PZU,0x6728,0,1,1
ppkp2019 a02.PZU,0x685F,3,0,3
ppkp2019 a02.PZU,0x6860,11,0,11
ppkp2019 a02.PZU,0x6861,1,0,1
ppkp2019 a02.PZU,0x6862,1,2,3
ppkp2019 a02.PZU,0x6864,2,0,2
ppkp2019 a02.PZU,0x6865,4,0,4
ppkp2019 a02.PZU,0x6882,3,1,4
ppkp2019 a02.PZU,0x6883,1,0,1
ppkp2019 a02.PZU,0x6884,1,1,2
ppkp2019 a02.PZU,0x6888,2,0,2
ppkp2019 a02.PZU,0x6889,0,1,1
ppkp2019 a02.PZU,0x688B,2,2,4
ppkp2019 a02.PZU,0x688C,0,1,1
ppkp2019 a02.PZU,0x688D,0,1,1
ppkp2019 a02.PZU,0x688E,0,5,5
ppkp2019 a02.PZU,0x6892,11,2,13
ppkp2019 a02.PZU,0x6893,2,2,4
ppkp2019 a02.PZU,0x6894,30,1,31
ppkp2019 a02.PZU,0x6895,1,2,3
ppkp2019 a02.PZU,0x696A,2,0,2
ppkp2019 a02.PZU,0x696C,2,0,2
ppkp2019 a02.PZU,0x696D,2,0,2
ppkp2019 a02.PZU,0x696F,1,0,1
ppkp2019 a02.PZU,0x6984,1,0,1
ppkp2019 a02.PZU,0x769C,32,9,41
ppkp2019 a02.PZU,0x769D,14,13,27
ppkp2019 a02.PZU,0x76A5,3,0,3
ppkp2019 a02.PZU,0x76A6,4,0,4
ppkp2019 a02.PZU,0x76A7,18,5,23
ppkp2019 a02.PZU,0x76A8,1,0,1
ppkp2019 a02.PZU,0x76A9,5,5,10
ppkp2019 a02.PZU,0x76AA,38,3,41
ppkp2019 a02.PZU,0x76AB,24,1,25
ppkp2019 a02.PZU,0x76AC,1,2,3
ppkp2019 a02.PZU,0x76AF,1,0,1
ppkp2019 a02.PZU,0x76B0,4,0,4
ppkp2019 a02.PZU,0x76B2,5,0,5
ppkp2019 a02.PZU,0x76B4,12,2,14
ppkp2019 a02.PZU,0x7729,3,1,4
ppkp2019 a02.PZU,0x772A,1,0,1
ppkp2019 a02.PZU,0x772D,2,0,2
ppkp2019 a02.PZU,0x7730,2,0,2
ppkp2019 a02.PZU,0x7731,2,1,3
ppkp2019 a02.PZU,0x7732,1,1,2
ppkp2019 a02.PZU,0x7733,1,0,1
ppkp2019 a02.PZU,0x7735,1,0,1
ppkp2019 a02.PZU,0x773B,2,0,2
ppkp2019 a02.PZU,0x773C,1,0,1
ppkp2019 a02.PZU,0x773D,1,0,1
ppkp2019 a02.PZU,0x7743,1,1,2
ppkp2019 a02.PZU,0x774B,1,0,1
ppkp2019 a02.PZU,0x7751,1,0,1
ppkp2019 a02.PZU,0x7762,1,0,1
ppkp2019 a02.PZU,0x7763,1,0,1
ppkp2019 a02.PZU,0x7764,1,0,1
ppkp2019 a02.PZU,0x7765,1,0,1
ppkp2019 a02.PZU,0x7766,1,0,1
ppkp2019 a02.PZU,0x7767,1,0,1
ppkp2019 a02.PZU,0x7768,1,0,1
ppkp2019 a02.PZU,0x777B,11,0,11
ppkp2019 a02.PZU,0x777C,1,0,1
ppkp2019 a02.PZU,0x777D,1,1,2
ppkp2019 a02.PZU,0x777E,3,0,3
ppkp2019 a02.PZU,0x7780,4,0,4
ppkp2019 a02.PZU,0x7782,2,0,2
ppkp2019 a02.PZU,0x7784,3,0,3
ppkp2019 a02.PZU,0x7786,3,0,3
ppkp2019 a02.PZU,0x778A,1,1,2
ppkp2019 a02.PZU,0x7F80,1,1,2
ppkp2019 a02.PZU,0x7F9C,0,1,1
ppkp2019 a02.PZU,0xFF9A,0,1,1
ppkp2019 a02.PZU,0xFFA2,0,1,1
ppkp2019 a02.PZU,0xFFAC,0,1,1
ppkp2019 a02.PZU,0xFFAD,0,4,4
ppkp2019 a02.PZU,0xFFAE,0,2,2
ppkp2019 a02.PZU,0xFFAF,0,1,1
ppkp2019 a02.PZU,0xFFB4,0,1,1
ppkp2019 a02.PZU,0xFFB5,0,4,4
ppkp2019 a02.PZU,0xFFB6,0,2,2
ppkp2019 a02.PZU,0xFFB7,0,1,1
ppkp2019 a02.PZU,0xFFB9,0,2,2
